Metin,Normal Metin,Niyet,Kaynak,Bölüm
merak ettim sahibin kim lütfen,merak ettim sahibin kim lutfen,BOT_YARATICI,KitapPusula-Final-özel,eğitim
bu kitap hakkında konuyu daha geniş açıkla lütfen,bu kitap hakkinda konuyu daha genis acikla lutfen,DETAY_SORUSU,KitapPusula-V6,eğitim
Dokuzuncu Hariciye Koğuşu,dokuzuncu hariciye kogusu,KITAP_ARAMA,KitapPusula-V6,eğitim
lütfen bir espri patlat lütfen,lutfen bir espri patlat lutfen,SAKA_ISTEGI,KitapPusula-Final-özel,eğitim
bana beni güldür,bana beni guldur,SAKA_ISTEGI,KitapPusula-Final-özel,eğitim
burada bugünkü hava durumu ne,burada bugunku hava durumu ne,HAVA_SORUSU,MASSIVE-tr-TR,eğitim
kitap modeli için performans metrikleri ne ayrıntılı anlat,kitap modeli icin performans metrikleri ne ayrintili anlat,MODEL_BILGISI,KitapPusula-V6,eğitim
sistemde ne kadar kitap biliyorsun,sistemde ne kadar kitap biliyorsun,KITAP_SAYISI,KitapPusula-V6,eğitim
o zaman ben çıkıyorum,o zaman ben cikiyorum,VEDA,KitapPusula-Final-özel,eğitim
sen veri setinde olmayan kitabı bulabilir mi,sen veri setinde olmayan kitabi bulabilir mi,HER_KITAP_SORUSU,KitapPusula-V6,eğitim
KitapPusula ile bilinmeyen kitabın türünü belirle lütfen,kitappusula ile bilinmeyen kitabin turunu belirle lutfen,YENI_KITAP_SINIFLANDIR,KitapPusula-V6,eğitim
bu eserin kim tarafından yazıldı hatırlatır mısın,bu eserin kim tarafindan yazildi hatirlatir misin,YAZAR_SORUSU,KitapPusula-V6,eğitim
acaba hangi ülkedesin lütfen,acaba hangi ulkedesin lutfen,BOT_KONUM,KitapPusula-Final-özel,eğitim
az önce seçtiğimiz kitabın adı ne hatırlatır mısın,az once sectigimiz kitabin adi ne hatirlatir misin,KITAP_ADI_SORUSU,KitapPusula-V6,eğitim
bir tane komik bir şey söyle,bir tane komik bir sey soyle,SAKA_ISTEGI,KitapPusula-Final-özel,eğitim
söyler misin yaşlı mısın şu anda,soyler misin yasli misin su anda,BOT_YAS,KitapPusula-Final-özel,eğitim
söyler misin karşımda kim var,soyler misin karsimda kim var,BOT_KIMLIK,KitapPusula-Final-özel,eğitim
KitapPusula ile etiketsiz kitabın kategorisini bul lütfen,kitappusula ile etiketsiz kitabin kategorisini bul lutfen,YENI_KITAP_SINIFLANDIR,KitapPusula-V6,eğitim
yardım et anlatır mısın,yardim et anlatir misin,YARDIM,KitapPusula-V6,eğitim
bu kitapta hikâye nasıl bitiyor kısaca söyler misin,bu kitapta hik ye nasil bitiyor kisaca soyler misin,OLAY_SORUSU,KitapPusula-V6,eğitim
performans metrikleri ne söyler misin,performans metrikleri ne soyler misin,MODEL_BILGISI,KitapPusula-V6,eğitim
model nasıl çalışıyor ayrıntılı anlat,model nasil calisiyor ayrintili anlat,MODEL_BILGISI,KitapPusula-V6,eğitim
söyler misin karşımda kim var bana,soyler misin karsimda kim var bana,BOT_KIMLIK,KitapPusula-Final-özel,eğitim
bugün bir şeyler paylaşmak istiyorum biraz,bugun bir seyler paylasmak istiyorum biraz,GENEL_SOHBET,KitapPusula-Final-özel,eğitim
oyun kodu geliştir,oyun kodu gelistir,ALAN_DISI,KitapPusula-Final-özel,eğitim
ayrıntılı olarak hangi görevleri yaparsın lütfen,ayrintili olarak hangi gorevleri yaparsin lutfen,BOT_YETENEK,KitapPusula-Final-özel,eğitim
sence ana fikir nasıl yorumlanabilir yorumlar mısın,sence ana fikir nasil yorumlanabilir yorumlar misin,SERBEST_KITAP_SORUSU,KitapPusula-V6,eğitim
merak ettim bana nasıl yardım edersin lütfen,merak ettim bana nasil yardim edersin lutfen,BOT_YETENEK,KitapPusula-Final-özel,eğitim
romanda hikâye nasıl bitiyor anlatır mısın,romanda hik ye nasil bitiyor anlatir misin,OLAY_SORUSU,KitapPusula-V6,eğitim
ben çıkıyorum sonra,ben cikiyorum sonra,VEDA,KitapPusula-Final-özel,eğitim
kategori listesini ver söyler misin,kategori listesini ver soyler misin,KATEGORI_LISTESI,KitapPusula-V6,eğitim
bu kitap uzun bir kitap mı söyler misin,bu kitap uzun bir kitap mi soyler misin,SAYFA_SORUSU,KitapPusula-V6,eğitim
söyler misin yaratıcın kim lütfen,soyler misin yaraticin kim lutfen,BOT_YARATICI,KitapPusula-Final-özel,eğitim
ayrıntılı olarak neler yapabiliyorsun lütfen,ayrintili olarak neler yapabiliyorsun lutfen,BOT_YETENEK,KitapPusula-Final-özel,eğitim
sence sonun anlamı ne olabilir kısaca değerlendir,sence sonun anlami ne olabilir kisaca degerlendir,SERBEST_KITAP_SORUSU,KitapPusula-V6,eğitim
Kayıp Sembol,kayip sembol,KITAP_ARAMA,KitapPusula-V6,eğitim
bu eserin yazarı kim söyler misin,bu eserin yazari kim soyler misin,YAZAR_SORUSU,KitapPusula-V6,eğitim
bu kitapta neden böyle davranıyor,bu kitapta neden boyle davraniyor,OLAY_SORUSU,KitapPusula-V6,eğitim
bu kitap hangi edebî sınıfa giriyor hatırlatır mısın,bu kitap hangi edeb sinifa giriyor hatirlatir misin,TUR_SORUSU,KitapPusula-V6,eğitim
KitapPusula tüm kitaplar sende var mı gerçekten,kitappusula tum kitaplar sende var mi gercekten,HER_KITAP_SORUSU,KitapPusula-V6,eğitim
bu kitapta kahramanın adı ne hatırlatır mısın,bu kitapta kahramanin adi ne hatirlatir misin,KARAKTER_SORUSU,KitapPusula-V6,eğitim
söyler misin neler yapabiliyorsun,soyler misin neler yapabiliyorsun,BOT_YETENEK,KitapPusula-Final-özel,eğitim
bugün günün öne çıkan haberleri hangileri,bugun gunun one cikan haberleri hangileri,HABER_SORUSU,KitapPusula-Final-özel,eğitim
lütfen uçak bileti bul istiyorum,lutfen ucak bileti bul istiyorum,ALAN_DISI,KitapPusula-Final-özel,eğitim
kodlarını kim yazdı lütfen,kodlarini kim yazdi lutfen,BOT_YARATICI,KitapPusula-Final-özel,eğitim
bu kitap hangi kategoride söyler misin,bu kitap hangi kategoride soyler misin,TUR_SORUSU,KitapPusula-V6,eğitim
bugün bugün dünyada neler oldu,bugun bugun dunyada neler oldu,HABER_SORUSU,KitapPusula-Final-özel,eğitim
söyler misin sen nesin,soyler misin sen nesin,BOT_KIMLIK,KitapPusula-Final-özel,eğitim
bazen konuşacak çok şey var,bazen konusacak cok sey var,GENEL_SOHBET,KitapPusula-Final-özel,eğitim
Doğu Ekspresinde Cinayet,dogu ekspresinde cinayet,KITAP_ARAMA,KitapPusula-V6,eğitim
merak ettim karşımda kim var bana,merak ettim karsimda kim var bana,BOT_KIMLIK,KitapPusula-Final-özel,eğitim
şemsiye olmadan dışarı çıkabilir miyim,semsiye olmadan disari cikabilir miyim,HAVA_SORUSU,MASSIVE-tr-TR,eğitim
şu an seninle konuşmak güzel aslında,su an seninle konusmak guzel aslinda,GENEL_SOHBET,KitapPusula-Final-özel,eğitim
tamam görüşürüz,tamam gorusuruz,VEDA,KitapPusula-Final-özel,eğitim
bu kitap türü ne,bu kitap turu ne,TUR_SORUSU,KitapPusula-V6,eğitim
bu kitap hangi tür söyler misin,bu kitap hangi tur soyler misin,TUR_SORUSU,KitapPusula-V6,eğitim
bu kitap ana konusu nedir lütfen,bu kitap ana konusu nedir lutfen,OZET_SORUSU,KitapPusula-V6,eğitim
bana saatin kaç olduğunu göster,bana saatin kac oldugunu goster,TARIH_SAAT_SORUSU,MASSIVE-tr-TR,eğitim
acaba yaşlı mısın,acaba yasli misin,BOT_YAS,KitapPusula-Final-özel,eğitim
sence kitap kimlere uygun,sence kitap kimlere uygun,SERBEST_KITAP_SORUSU,KitapPusula-V6,eğitim
İnsan Neyle Yaşar,insan neyle yasar,KITAP_ARAMA,KitapPusula-V6,eğitim
ne yapabiliyorsun lütfen,ne yapabiliyorsun lutfen,YARDIM,KitapPusula-V6,eğitim
az önce hangi eser açık söyler misin,az once hangi eser acik soyler misin,KITAP_ADI_SORUSU,KitapPusula-V6,eğitim
sence bu eserden ne ders çıkarılır kısaca değerlendir,sence bu eserden ne ders cikarilir kisaca degerlendir,SERBEST_KITAP_SORUSU,KitapPusula-V6,eğitim
Mai ve Siyah,mai ve siyah,KITAP_ARAMA,KitapPusula-V6,eğitim
romanda hangi maceralar yaşanıyor anlatır mısın,romanda hangi maceralar yasaniyor anlatir misin,OLAY_SORUSU,KitapPusula-V6,eğitim
bu eserin yazan kişi kim söyler misin,bu eserin yazan kisi kim soyler misin,YAZAR_SORUSU,KitapPusula-V6,eğitim
biraz önce neye bakıyorduk,biraz once neye bakiyorduk,KITAP_ADI_SORUSU,KitapPusula-V6,eğitim
model kaç tür tanıyor şu anda,model kac tur taniyor su anda,KATEGORI_LISTESI,KitapPusula-V6,eğitim
bu kitabın kim kaleme aldı söyler misin,bu kitabin kim kaleme aldi soyler misin,YAZAR_SORUSU,KitapPusula-V6,eğitim
lütfen kitap bilgisini yinele,lutfen kitap bilgisini yinele,TEKRAR_GOSTER,KitapPusula-V6,eğitim
söyler misin kodlarını kim yazdı bana,soyler misin kodlarini kim yazdi bana,BOT_YARATICI,KitapPusula-Final-özel,eğitim
bu kitapta ana olay nedir anlatır mısın,bu kitapta ana olay nedir anlatir misin,OLAY_SORUSU,KitapPusula-V6,eğitim
kitabın mesajını yorumla,kitabin mesajini yorumla,SERBEST_KITAP_SORUSU,KitapPusula-V6,eğitim
kitap kartını aç bir kez daha,kitap kartini ac bir kez daha,TEKRAR_GOSTER,KitapPusula-V6,eğitim
selamlar bugün de,selamlar bugun de,SELAMLAMA,KitapPusula-V6,eğitim
sen her kitabı bulabiliyor musun,sen her kitabi bulabiliyor musun,HER_KITAP_SORUSU,KitapPusula-V6,eğitim
bana manhattan hava durumunu ver,bana manhattan hava durumunu ver,HAVA_SORUSU,MASSIVE-tr-TR,eğitim
model edebî kategorileri göster şu anda,model edeb kategorileri goster su anda,KATEGORI_LISTESI,KitapPusula-V6,eğitim
bu kitap uzun bir kitap mı hatırlatır mısın,bu kitap uzun bir kitap mi hatirlatir misin,SAYFA_SORUSU,KitapPusula-V6,eğitim
sağ ol sana,sag ol sana,TESEKKUR,KitapPusula-Final-özel,eğitim
tekrar merhaba orada mısın,tekrar merhaba orada misin,SELAMLAMA,KitapPusula-V6,eğitim
KitapPusula tüm kitaplar sende var mı,kitappusula tum kitaplar sende var mi,HER_KITAP_SORUSU,KitapPusula-V6,eğitim
cross validation sonucu nedir,cross validation sonucu nedir,MODEL_BILGISI,KitapPusula-V6,eğitim
az önceki kitap uzun bir kitap mı,az onceki kitap uzun bir kitap mi,SAYFA_SORUSU,KitapPusula-V6,eğitim
bu kitap neyi konu alıyor anlatır mısın,bu kitap neyi konu aliyor anlatir misin,OZET_SORUSU,KitapPusula-V6,eğitim
kısaca hangi görevleri yaparsın lütfen,kisaca hangi gorevleri yaparsin lutfen,BOT_YETENEK,KitapPusula-Final-özel,eğitim
şimdilik tekrar görüşmek üzere,simdilik tekrar gorusmek uzere,VEDA,KitapPusula-Final-özel,eğitim
merak ettim genç misin şu anda,merak ettim genc misin su anda,BOT_YAS,KitapPusula-Final-özel,eğitim
seni kim yaptı bana,seni kim yapti bana,BOT_YARATICI,KitapPusula-Final-özel,eğitim
en iyi spagetti tarifini ara,en iyi spagetti tarifini ara,YEMEK_TARIFI_SORUSU,MASSIVE-tr-TR,eğitim
yüz elli bin iki yüz yetmiş,yuz elli bin iki yuz yetmis,TARIH_SAAT_SORUSU,MASSIVE-tr-TR,eğitim
nasıl kullanılır,nasil kullanilir,YARDIM,KitapPusula-V6,eğitim
merak ettim hangi ülkedesin şu anda,merak ettim hangi ulkedesin su anda,BOT_KONUM,KitapPusula-Final-özel,eğitim
kitabın ismini hatırlat hatırlatır mısın,kitabin ismini hatirlat hatirlatir misin,KITAP_ADI_SORUSU,KitapPusula-V6,eğitim
son aradığım kitap neydi,son aradigim kitap neydi,KITAP_ADI_SORUSU,KitapPusula-V6,eğitim
bana neşeli bir cümle kur olur mu,bana neseli bir cumle kur olur mu,SAKA_ISTEGI,KitapPusula-Final-özel,eğitim
bu eserin yazarının adı ne söyler misin,bu eserin yazarinin adi ne soyler misin,YAZAR_SORUSU,KitapPusula-V6,eğitim
toplam kaç eser bulunuyor söyler misin,toplam kac eser bulunuyor soyler misin,KITAP_SAYISI,KitapPusula-V6,eğitim
desteklenen kategoriler neler şu anda,desteklenen kategoriler neler su anda,KATEGORI_LISTESI,KitapPusula-V6,eğitim
az önceki kitap için hepsini tekrar et,az onceki kitap icin hepsini tekrar et,TEKRAR_GOSTER,KitapPusula-V6,eğitim
kendini nasıl hissediyorsun söyler misin,kendini nasil hissediyorsun soyler misin,NASILSIN,KitapPusula-V6,eğitim
Martin Eden,martin eden,KITAP_ARAMA,KitapPusula-V6,eğitim
kısaca Python kodu yaz,kisaca python kodu yaz,ALAN_DISI,KitapPusula-Final-özel,eğitim
tam bilgiyi getir lütfen,tam bilgiyi getir lutfen,TEKRAR_GOSTER,KitapPusula-V6,eğitim
çarşamba için hava hiç değişti mi,carsamba icin hava hic degisti mi,HAVA_SORUSU,MASSIVE-tr-TR,eğitim
merak ettim kaç yaşındasın,merak ettim kac yasindasin,BOT_YAS,KitapPusula-Final-özel,eğitim
güneşli mi olacak,gunesli mi olacak,HAVA_SORUSU,MASSIVE-tr-TR,eğitim
sen dünyadaki tüm eserleri tanıyor mu şu anda,sen dunyadaki tum eserleri taniyor mu su anda,HER_KITAP_SORUSU,KitapPusula-V6,eğitim
bana tarih ver,bana tarih ver,TARIH_SAAT_SORUSU,MASSIVE-tr-TR,eğitim
bu eserin kim tarafından yazıldı söyler misin,bu eserin kim tarafindan yazildi soyler misin,YAZAR_SORUSU,KitapPusula-V6,eğitim
Ali neden borçlanıyor,ali neden borclaniyor,OLAY_SORUSU,KitapPusula-V6,eğitim
bugünün tarihi lütfen,bugunun tarihi lutfen,TARIH_SAAT_SORUSU,MASSIVE-tr-TR,eğitim
lütfen kitap bilgisini yinele lütfen,lutfen kitap bilgisini yinele lutfen,TEKRAR_GOSTER,KitapPusula-V6,eğitim
bu eserle ilgili konuyu daha geniş açıkla,bu eserle ilgili konuyu daha genis acikla,DETAY_SORUSU,KitapPusula-V6,eğitim
yorumuna göre karakterin davranışı nasıl değerlendirilebilir yorumlar mısın,yorumuna gore karakterin davranisi nasil degerlendirilebilir yorumlar misin,SERBEST_KITAP_SORUSU,KitapPusula-V6,eğitim
Robinson Crusoe,robinson crusoe,KITAP_ARAMA,KitapPusula-V6,eğitim
hangi sınıflar var söyler misin,hangi siniflar var soyler misin,KATEGORI_LISTESI,KitapPusula-V6,eğitim
bir yaşın var mı,bir yasin var mi,BOT_YAS,KitapPusula-Final-özel,eğitim
şimdilik başka zaman devam edelim sonra,simdilik baska zaman devam edelim sonra,VEDA,KitapPusula-Final-özel,eğitim
sence bu eserden ne ders çıkarılır,sence bu eserden ne ders cikarilir,SERBEST_KITAP_SORUSU,KitapPusula-V6,eğitim
bana komutları göster lütfen,bana komutlari goster lutfen,YARDIM,KitapPusula-V6,eğitim
tamam sohbeti bitirelim KitapPusula,tamam sohbeti bitirelim kitappusula,VEDA,KitapPusula-Final-özel,eğitim
Yüzüklerin Efendisi,yuzuklerin efendisi,KITAP_ARAMA,KitapPusula-V6,eğitim
açıklar mısın sen nesin lütfen,aciklar misin sen nesin lutfen,BOT_KIMLIK,KitapPusula-Final-özel,eğitim
hangi ülkedesin lütfen,hangi ulkedesin lutfen,BOT_KONUM,KitapPusula-Final-özel,eğitim
kaç kitabı arayabiliyorsun,kac kitabi arayabiliyorsun,KITAP_SAYISI,KitapPusula-V6,eğitim
bugünün tarihi,bugunun tarihi,TARIH_SAAT_SORUSU,MASSIVE-tr-TR,eğitim
ne yapabiliyorsun anlatır mısın,ne yapabiliyorsun anlatir misin,YARDIM,KitapPusula-V6,eğitim
yerel veri tabanında kaç kayıt tutuluyor söyler misin,yerel veri tabaninda kac kayit tutuluyor soyler misin,KITAP_SAYISI,KitapPusula-V6,eğitim
hemen spor müsabakasının skorunu söyle,hemen spor musabakasinin skorunu soyle,ALAN_DISI,KitapPusula-Final-özel,eğitim
senden ne isteyebilirim lütfen,senden ne isteyebilirim lutfen,BOT_YETENEK,KitapPusula-Final-özel,eğitim
bu romanda baş karakter kimdir hatırlatır mısın,bu romanda bas karakter kimdir hatirlatir misin,KARAKTER_SORUSU,KitapPusula-V6,eğitim
söyler misin konumun neresi şu anda,soyler misin konumun neresi su anda,BOT_KONUM,KitapPusula-Final-özel,eğitim
merak ettim bir adresin var mı lütfen,merak ettim bir adresin var mi lutfen,BOT_KONUM,KitapPusula-Final-özel,eğitim
kıyma ve kabak kullanan bir tarif bul,kiyma ve kabak kullanan bir tarif bul,YEMEK_TARIFI_SORUSU,MASSIVE-tr-TR,eğitim
bana bir espri patlat lütfen,bana bir espri patlat lutfen,SAKA_ISTEGI,KitapPusula-Final-özel,eğitim
Feride kim,feride kim,KARAKTER_SORUSU,KitapPusula-V6,eğitim
ne haber söyler misin,ne haber soyler misin,NASILSIN,KitapPusula-V6,eğitim
yardımın için yardımın işime yaradı KitapPusula,yardimin icin yardimin isime yaradi kitappusula,TESEKKUR,KitapPusula-Final-özel,eğitim
iyi akşamlar KitapPusula,iyi aksamlar kitappusula,SELAMLAMA,KitapPusula-V6,eğitim
tamam sohbeti bitirelim sonra,tamam sohbeti bitirelim sonra,VEDA,KitapPusula-Final-özel,eğitim
nerede bulunuyorsun lütfen,nerede bulunuyorsun lutfen,BOT_KONUM,KitapPusula-Final-özel,eğitim
yorumuna göre kitap hakkında ne düşünüyorsun,yorumuna gore kitap hakkinda ne dusunuyorsun,SERBEST_KITAP_SORUSU,KitapPusula-V6,eğitim
bu sistem her kitabı bulabiliyor musun gerçekten,bu sistem her kitabi bulabiliyor musun gercekten,HER_KITAP_SORUSU,KitapPusula-V6,eğitim
işler nasıl bakalım,isler nasil bakalim,NASILSIN,KitapPusula-V6,eğitim
bu gece pencereyi açık bırakmam gerekir mi,bu gece pencereyi acik birakmam gerekir mi,HAVA_SORUSU,MASSIVE-tr-TR,eğitim
merak ettim hangi haberler konuşuluyor lütfen,merak ettim hangi haberler konusuluyor lutfen,HABER_SORUSU,KitapPusula-Final-özel,eğitim
sistemde kitap sayısı kaç,sistemde kitap sayisi kac,KITAP_SAYISI,KitapPusula-V6,eğitim
bu eser içeriğinden bahset anlatır mısın,bu eser iceriginden bahset anlatir misin,OZET_SORUSU,KitapPusula-V6,eğitim
bu kitabın yazan kişi kim söyler misin,bu kitabin yazan kisi kim soyler misin,YAZAR_SORUSU,KitapPusula-V6,eğitim
iyi günler sana da,iyi gunler sana da,SELAMLAMA,KitapPusula-V6,eğitim
çok çok sağ ol,cok cok sag ol,TESEKKUR,KitapPusula-Final-özel,eğitim
yeni kitap sınıflandır lütfen,yeni kitap siniflandir lutfen,YENI_KITAP_SINIFLANDIR,KitapPusula-V6,eğitim
söyler misin fiziksel olarak neredesin şu anda,soyler misin fiziksel olarak neredesin su anda,BOT_KONUM,KitapPusula-Final-özel,eğitim
romanda kahraman neden yola çıkıyor,romanda kahraman neden yola cikiyor,OLAY_SORUSU,KitapPusula-V6,eğitim
o zaman kendine iyi bak,o zaman kendine iyi bak,VEDA,KitapPusula-Final-özel,eğitim
bu kitabın yazarının adı ne hatırlatır mısın,bu kitabin yazarinin adi ne hatirlatir misin,YAZAR_SORUSU,KitapPusula-V6,eğitim
iyi geceler KitapPusula,iyi geceler kitappusula,SELAMLAMA,KitapPusula-V6,eğitim
romanda bu olayın sebebi ne kısaca söyler misin,romanda bu olayin sebebi ne kisaca soyler misin,OLAY_SORUSU,KitapPusula-V6,eğitim
artık hoşça kal,artik hosca kal,VEDA,KitapPusula-Final-özel,eğitim
toplam kaç eser bulunuyor,toplam kac eser bulunuyor,KITAP_SAYISI,KitapPusula-V6,eğitim
peynirli makarna içinde hangi malzemeler vardır,peynirli makarna icinde hangi malzemeler vardir,YEMEK_TARIFI_SORUSU,MASSIVE-tr-TR,eğitim
sence verilmek istenen mesaj ne olabilir,sence verilmek istenen mesaj ne olabilir,SERBEST_KITAP_SORUSU,KitapPusula-V6,eğitim
bugün beş mart mı değil mi,bugun bes mart mi degil mi,TARIH_SAAT_SORUSU,MASSIVE-tr-TR,eğitim
sen nasılsın,sen nasilsin,NASILSIN,KitapPusula-V6,eğitim
en önemli haberler,en onemli haberler,HABER_SORUSU,MASSIVE-tr-TR,eğitim
bugün nasılsın söyler misin,bugun nasilsin soyler misin,NASILSIN,KitapPusula-V6,eğitim
bu kitap hangi kategoride hatırlatır mısın,bu kitap hangi kategoride hatirlatir misin,TUR_SORUSU,KitapPusula-V6,eğitim
makarna sosunun tarifi nedir,makarna sosunun tarifi nedir,YEMEK_TARIFI_SORUSU,MASSIVE-tr-TR,eğitim
söyler misin hangi soruları anlayabilirsin anlatır mısın,soyler misin hangi sorulari anlayabilirsin anlatir misin,BOT_YETENEK,KitapPusula-Final-özel,eğitim
bu kitap hakkında detaylandır,bu kitap hakkinda detaylandir,DETAY_SORUSU,KitapPusula-V6,eğitim
söyler misin kendini tanıt,soyler misin kendini tanit,BOT_KIMLIK,KitapPusula-Final-özel,eğitim
kitap sayısı kaç,kitap sayisi kac,KITAP_SAYISI,KitapPusula-V6,eğitim
bu kitap ne kadar uzun söyler misin,bu kitap ne kadar uzun soyler misin,SAYFA_SORUSU,KitapPusula-V6,eğitim
bu kitap kısa özetini ver,bu kitap kisa ozetini ver,OZET_SORUSU,KitapPusula-V6,eğitim
şu anda nerelisin şu anda,su anda nerelisin su anda,BOT_KONUM,KitapPusula-Final-özel,eğitim
romanda ana olay nedir,romanda ana olay nedir,OLAY_SORUSU,KitapPusula-V6,eğitim
kitap modeli için model bilgilerini göster,kitap modeli icin model bilgilerini goster,MODEL_BILGISI,KitapPusula-V6,eğitim
lezzetlidir,lezzetlidir,YEMEK_TARIFI_SORUSU,MASSIVE-tr-TR,eğitim
yerel veri tabanında toplam kaç eser bulunuyor,yerel veri tabaninda toplam kac eser bulunuyor,KITAP_SAYISI,KitapPusula-V6,eğitim
edebî kategorileri göster,edeb kategorileri goster,KATEGORI_LISTESI,KitapPusula-V6,eğitim
hangi kitaptan söz ettik hatırlatır mısın,hangi kitaptan soz ettik hatirlatir misin,KITAP_ADI_SORUSU,KitapPusula-V6,eğitim
örnek kod oluştur,ornek kod olustur,ALAN_DISI,KitapPusula-Final-özel,eğitim
şu anda ne zaman doğdun şu anda,su anda ne zaman dogdun su anda,BOT_YAS,KitapPusula-Final-özel,eğitim
az önceki kitap için detaylandır,az onceki kitap icin detaylandir,DETAY_SORUSU,KitapPusula-V6,eğitim
merhabalar bugün de,merhabalar bugun de,SELAMLAMA,KitapPusula-V6,eğitim
KitapPusula her kitabı bulabiliyor musun,kitappusula her kitabi bulabiliyor musun,HER_KITAP_SORUSU,KitapPusula-V6,eğitim
niyet modeli için model nasıl çalışıyor,niyet modeli icin model nasil calisiyor,MODEL_BILGISI,KitapPusula-V6,eğitim
model hangi sınıflar var,model hangi siniflar var,KATEGORI_LISTESI,KitapPusula-V6,eğitim
şu anda bir adresin var mı lütfen,su anda bir adresin var mi lutfen,BOT_KONUM,KitapPusula-Final-özel,eğitim
acaba yaşın kaç lütfen,acaba yasin kac lutfen,BOT_YAS,KitapPusula-Final-özel,eğitim
KitapPusula ile yeni kitap sınıflandır lütfen,kitappusula ile yeni kitap siniflandir lutfen,YENI_KITAP_SINIFLANDIR,KitapPusula-V6,eğitim
verdiğin cevap için yardımın işime yaradı KitapPusula,verdigin cevap icin yardimin isime yaradi kitappusula,TESEKKUR,KitapPusula-Final-özel,eğitim
merak ettim sen nesin bana,merak ettim sen nesin bana,BOT_KIMLIK,KitapPusula-Final-özel,eğitim
modelle yeni tahmin yap lütfen,modelle yeni tahmin yap lutfen,YENI_KITAP_SINIFLANDIR,KitapPusula-V6,eğitim
bazen sohbetimiz güzel gidiyor şimdi,bazen sohbetimiz guzel gidiyor simdi,GENEL_SOHBET,KitapPusula-Final-özel,eğitim
hangi türleri biliyor,hangi turleri biliyor,KATEGORI_LISTESI,KitapPusula-V6,eğitim
hangi algoritma kullanıldı ayrıntılı anlat,hangi algoritma kullanildi ayrintili anlat,MODEL_BILGISI,KitapPusula-V6,eğitim
son bölümde ne oluyor,son bolumde ne oluyor,OLAY_SORUSU,KitapPusula-V6,eğitim
nasıl kullanılır lütfen,nasil kullanilir lutfen,YARDIM,KitapPusula-V6,eğitim
ayın on beşi hangi gün,ayin on besi hangi gun,TARIH_SAAT_SORUSU,MASSIVE-tr-TR,eğitim
sistemde kitap sayısı kaç söyler misin,sistemde kitap sayisi kac soyler misin,KITAP_SAYISI,KitapPusula-V6,eğitim
KitapPusula veri setinde olmayan kitabı bulabilir mi gerçekten,kitappusula veri setinde olmayan kitabi bulabilir mi gercekten,HER_KITAP_SORUSU,KitapPusula-V6,eğitim
az önceki kitap hikâyesi ne,az onceki kitap hik yesi ne,OZET_SORUSU,KitapPusula-V6,eğitim
tatlı çaya ne kadar şeker atılır,tatli caya ne kadar seker atilir,YEMEK_TARIFI_SORUSU,MASSIVE-tr-TR,eğitim
bir web sitesi tasarla istiyorum,bir web sitesi tasarla istiyorum,ALAN_DISI,KitapPusula-Final-özel,eğitim
ne yapabilirsin,ne yapabilirsin,BOT_YETENEK,KitapPusula-Final-özel,eğitim
bu kitabın kimin eseri,bu kitabin kimin eseri,YAZAR_SORUSU,KitapPusula-V6,eğitim
bu kitap kaç sayfalık hatırlatır mısın,bu kitap kac sayfalik hatirlatir misin,SAYFA_SORUSU,KitapPusula-V6,eğitim
iyi günler,iyi gunler,SELAMLAMA,KitapPusula-V6,eğitim
bu kitapta hangi maceralar yaşanıyor anlatır mısın,bu kitapta hangi maceralar yasaniyor anlatir misin,OLAY_SORUSU,KitapPusula-V6,eğitim
desteklenen kategoriler neler,desteklenen kategoriler neler,KATEGORI_LISTESI,KitapPusula-V6,eğitim
şu anda genç misin,su anda genc misin,BOT_YAS,KitapPusula-Final-özel,eğitim
doğrudan yaratıcın kim lütfen,dogrudan yaraticin kim lutfen,BOT_YARATICI,KitapPusula-Final-özel,eğitim
bu kitap okuması uzun sürer mi hatırlatır mısın,bu kitap okumasi uzun surer mi hatirlatir misin,SAYFA_SORUSU,KitapPusula-V6,eğitim
şu anki hava nasıl,su anki hava nasil,HAVA_SORUSU,MASSIVE-tr-TR,eğitim
romanda hikâye nasıl bitiyor,romanda hik ye nasil bitiyor,OLAY_SORUSU,KitapPusula-V6,eğitim
az önceki kitap kaç sayfa söyler misin,az onceki kitap kac sayfa soyler misin,SAYFA_SORUSU,KitapPusula-V6,eğitim
sen her kitabı bulabiliyor musun şu anda,sen her kitabi bulabiliyor musun su anda,HER_KITAP_SORUSU,KitapPusula-V6,eğitim
bu eser hangi türe ait söyler misin,bu eser hangi ture ait soyler misin,TUR_SORUSU,KitapPusula-V6,eğitim
bu eser türü ne söyler misin,bu eser turu ne soyler misin,TUR_SORUSU,KitapPusula-V6,eğitim
detayları yeniden göster,detaylari yeniden goster,TEKRAR_GOSTER,KitapPusula-V6,eğitim
gerçekten teşekkür ederim,gercekten tesekkur ederim,TESEKKUR,KitapPusula-Final-özel,eğitim
kitap modeli için macro f1 kaç ayrıntılı anlat,kitap modeli icin macro f1 kac ayrintili anlat,MODEL_BILGISI,KitapPusula-V6,eğitim
yağmur yağıyor,yagmur yagiyor,HAVA_SORUSU,MASSIVE-tr-TR,eğitim
İngilizce metni çevir,ingilizce metni cevir,ALAN_DISI,KitapPusula-Final-özel,eğitim
şu anda yaşın kaç lütfen,su anda yasin kac lutfen,BOT_YAS,KitapPusula-Final-özel,eğitim
bu eser neyi konu alıyor,bu eser neyi konu aliyor,OZET_SORUSU,KitapPusula-V6,eğitim
macro f1 kaç,macro f1 kac,MODEL_BILGISI,KitapPusula-V6,eğitim
son olarak şu an hangi gelişmeler var,son olarak su an hangi gelismeler var,HABER_SORUSU,KitapPusula-Final-özel,eğitim
model hangi kitap türlerini ayırıyor söyler misin,model hangi kitap turlerini ayiriyor soyler misin,KATEGORI_LISTESI,KitapPusula-V6,eğitim
bu romanda anlatılan kişi kim hatırlatır mısın,bu romanda anlatilan kisi kim hatirlatir misin,KARAKTER_SORUSU,KitapPusula-V6,eğitim
şu anda ne zaman doğdun lütfen,su anda ne zaman dogdun lutfen,BOT_YAS,KitapPusula-Final-özel,eğitim
Java kodu yaz,java kodu yaz,ALAN_DISI,KitapPusula-Final-özel,eğitim
kitap modeli için macro f1 kaç,kitap modeli icin macro f1 kac,MODEL_BILGISI,KitapPusula-V6,eğitim
artık sohbeti bitirelim,artik sohbeti bitirelim,VEDA,KitapPusula-Final-özel,eğitim
aksarayda saat kaç,aksarayda saat kac,TARIH_SAAT_SORUSU,MASSIVE-tr-TR,eğitim
kısaca bir fonksiyon yaz olur mu,kisaca bir fonksiyon yaz olur mu,ALAN_DISI,KitapPusula-Final-özel,eğitim
şimdilik kendine iyi bak sonra,simdilik kendine iyi bak sonra,VEDA,KitapPusula-Final-özel,eğitim
bu sistem bütün kitapları biliyor mu gerçekten,bu sistem butun kitaplari biliyor mu gercekten,HER_KITAP_SORUSU,KitapPusula-V6,eğitim
kısaca matematik sorusu çöz istiyorum,kisaca matematik sorusu coz istiyorum,ALAN_DISI,KitapPusula-Final-özel,eğitim
başka bir şehir de saat kaç,baska bir sehir de saat kac,TARIH_SAAT_SORUSU,MASSIVE-tr-TR,eğitim
bu kitap hakkında daha derin bilgi ver mümkünse,bu kitap hakkinda daha derin bilgi ver mumkunse,DETAY_SORUSU,KitapPusula-V6,eğitim
bu eser hangi türe ait hatırlatır mısın,bu eser hangi ture ait hatirlatir misin,TUR_SORUSU,KitapPusula-V6,eğitim
neye bakıyorduk,neye bakiyorduk,KITAP_ADI_SORUSU,KitapPusula-V6,eğitim
biraz önce kitabın adı neydi,biraz once kitabin adi neydi,KITAP_ADI_SORUSU,KitapPusula-V6,eğitim
mozaik pasta sosunda kaç fincan şeker vardır,mozaik pasta sosunda kac fincan seker vardir,YEMEK_TARIFI_SORUSU,MASSIVE-tr-TR,eğitim
kahraman kim ki,kahraman kim ki,KARAKTER_SORUSU,KitapPusula-V6,eğitim
hemen kod yazabilir misin istiyorum,hemen kod yazabilir misin istiyorum,ALAN_DISI,KitapPusula-Final-özel,eğitim
acaba sahibin kim bana,acaba sahibin kim bana,BOT_YARATICI,KitapPusula-Final-özel,eğitim
bana ankara türkiyedeki saati söyle,bana ankara turkiyedeki saati soyle,TARIH_SAAT_SORUSU,MASSIVE-tr-TR,eğitim
bu romanda hikâyeyi taşıyan kişi kim hatırlatır mısın,bu romanda hik yeyi tasiyan kisi kim hatirlatir misin,KARAKTER_SORUSU,KitapPusula-V6,eğitim
model hangi kitap türlerini ayırıyor,model hangi kitap turlerini ayiriyor,KATEGORI_LISTESI,KitapPusula-V6,eğitim
şifre kırmayı öğret olur mu,sifre kirmayi ogret olur mu,ALAN_DISI,KitapPusula-Final-özel,eğitim
bu kitap uzun bir kitap mı,bu kitap uzun bir kitap mi,SAYFA_SORUSU,KitapPusula-V6,eğitim
merak ettim doğum günün ne zaman lütfen,merak ettim dogum gunun ne zaman lutfen,BOT_YAS,KitapPusula-Final-özel,eğitim
bir tane şaka yap olur mu,bir tane saka yap olur mu,SAKA_ISTEGI,KitapPusula-Final-özel,eğitim
çok emeğine sağlık sana,cok emegine saglik sana,TESEKKUR,KitapPusula-Final-özel,eğitim
bugün boşluk hakkında farklı bir şey var mı,bugun bosluk hakkinda farkli bir sey var mi,HABER_SORUSU,MASSIVE-tr-TR,eğitim
bu eser hangi kategoride hatırlatır mısın,bu eser hangi kategoride hatirlatir misin,TUR_SORUSU,KitapPusula-V6,eğitim
bu eser hangi edebî sınıfa giriyor hatırlatır mısın,bu eser hangi edeb sinifa giriyor hatirlatir misin,TUR_SORUSU,KitapPusula-V6,eğitim
bana kullanım seçeneklerini ver,bana kullanim seceneklerini ver,YARDIM,KitapPusula-V6,eğitim
merak ettim nerelisin şu anda,merak ettim nerelisin su anda,BOT_KONUM,KitapPusula-Final-özel,eğitim
sınıflandırıcı desteklenen kategoriler neler söyler misin,siniflandirici desteklenen kategoriler neler soyler misin,KATEGORI_LISTESI,KitapPusula-V6,eğitim
pizza yapmak için ne gerekir,pizza yapmak icin ne gerekir,YEMEK_TARIFI_SORUSU,MASSIVE-tr-TR,eğitim
sence yazar bunu neden yazmış olabilir kısaca değerlendir,sence yazar bunu neden yazmis olabilir kisaca degerlendir,SERBEST_KITAP_SORUSU,KitapPusula-V6,eğitim
bana protesto hakkındaki köşe yazılarının bağlantılarını yolla,bana protesto hakkindaki kose yazilarinin baglantilarini yolla,HABER_SORUSU,MASSIVE-tr-TR,eğitim
bu kitap kategorisi ne hatırlatır mısın,bu kitap kategorisi ne hatirlatir misin,TUR_SORUSU,KitapPusula-V6,eğitim
bu eserle ilgili konuyu daha geniş açıkla lütfen,bu eserle ilgili konuyu daha genis acikla lutfen,DETAY_SORUSU,KitapPusula-V6,eğitim
sanırım sana bir şey anlatacağım şimdi,sanirim sana bir sey anlatacagim simdi,GENEL_SOHBET,KitapPusula-Final-özel,eğitim
güncel olaylardan bahset,guncel olaylardan bahset,HABER_SORUSU,KitapPusula-Final-özel,eğitim
KitapPusula bütün kitapları biliyor mu gerçekten,kitappusula butun kitaplari biliyor mu gercekten,HER_KITAP_SORUSU,KitapPusula-V6,eğitim
bu romanda baş karakter kimdir,bu romanda bas karakter kimdir,KARAKTER_SORUSU,KitapPusula-V6,eğitim
az önce kitabın ismini hatırlat söyler misin,az once kitabin ismini hatirlat soyler misin,KITAP_ADI_SORUSU,KitapPusula-V6,eğitim
romanda bu olayın sebebi ne anlatır mısın,romanda bu olayin sebebi ne anlatir misin,OLAY_SORUSU,KitapPusula-V6,eğitim
moralin nasıl söyler misin,moralin nasil soyler misin,NASILSIN,KitapPusula-V6,eğitim
kısaca otel öner olur mu,kisaca otel oner olur mu,ALAN_DISI,KitapPusula-Final-özel,eğitim
bu kitapta bu olayın sebebi ne anlatır mısın,bu kitapta bu olayin sebebi ne anlatir misin,OLAY_SORUSU,KitapPusula-V6,eğitim
komutları göster,komutlari goster,YARDIM,KitapPusula-V6,eğitim
bu eserle ilgili başka neler biliyorsun lütfen,bu eserle ilgili baska neler biliyorsun lutfen,DETAY_SORUSU,KitapPusula-V6,eğitim
bu eser roman mı hikâye mi,bu eser roman mi hik ye mi,TUR_SORUSU,KitapPusula-V6,eğitim
kısaca nasıl kullanılır,kisaca nasil kullanilir,YARDIM,KitapPusula-V6,eğitim
açıklar mısın ismin nedir lütfen,aciklar misin ismin nedir lutfen,BOT_KIMLIK,KitapPusula-Final-özel,eğitim
bu sistem sınırsız kitaba erişebiliyor mu şu anda,bu sistem sinirsiz kitaba erisebiliyor mu su anda,HER_KITAP_SORUSU,KitapPusula-V6,eğitim
kızarmış pirinç nasıl yapılır,kizarmis pirinc nasil yapilir,YEMEK_TARIFI_SORUSU,MASSIVE-tr-TR,eğitim
acaba bu projeyi kim hazırladı lütfen,acaba bu projeyi kim hazirladi lutfen,BOT_YARATICI,KitapPusula-Final-özel,eğitim
az önceki kitap kaç sayfa,az onceki kitap kac sayfa,SAYFA_SORUSU,KitapPusula-V6,eğitim
acaba ne zamandır varsın şu anda,acaba ne zamandir varsin su anda,BOT_YAS,KitapPusula-Final-özel,eğitim
kitap modeli için model nasıl çalışıyor söyler misin,kitap modeli icin model nasil calisiyor soyler misin,MODEL_BILGISI,KitapPusula-V6,eğitim
şu anda fiziksel olarak neredesin şu anda,su anda fiziksel olarak neredesin su anda,BOT_KONUM,KitapPusula-Final-özel,eğitim
sandalet giymeli miyim,sandalet giymeli miyim,HAVA_SORUSU,MASSIVE-tr-TR,eğitim
bu kitap hakkında detaylandır mümkünse,bu kitap hakkinda detaylandir mumkunse,DETAY_SORUSU,KitapPusula-V6,eğitim
etiketsiz kitabın kategorisini bul,etiketsiz kitabin kategorisini bul,YENI_KITAP_SINIFLANDIR,KitapPusula-V6,eğitim
Puslu Kıtalar Atlası,puslu kitalar atlasi,KITAP_ARAMA,KitapPusula-V6,eğitim
bu eser kısaca özetle lütfen,bu eser kisaca ozetle lutfen,OZET_SORUSU,KitapPusula-V6,eğitim
sence kitap okunmaya değer mi yorumlar mısın,sence kitap okunmaya deger mi yorumlar misin,SERBEST_KITAP_SORUSU,KitapPusula-V6,eğitim
bu kitap hangi türe ait,bu kitap hangi ture ait,TUR_SORUSU,KitapPusula-V6,eğitim
ne haber,ne haber,NASILSIN,KitapPusula-V6,eğitim
o zaman sonra konuşuruz,o zaman sonra konusuruz,VEDA,KitapPusula-Final-özel,eğitim
söyler misin yeteneklerin neler,soyler misin yeteneklerin neler,BOT_YETENEK,KitapPusula-Final-özel,eğitim
Fahrenheit 451,fahrenheit 451,KITAP_ARAMA,KitapPusula-V6,eğitim
senden ne isteyebilirim,senden ne isteyebilirim,BOT_YETENEK,KitapPusula-Final-özel,eğitim
bu eserle ilgili başka neler biliyorsun mümkünse,bu eserle ilgili baska neler biliyorsun mumkunse,DETAY_SORUSU,KitapPusula-V6,eğitim
kısaca spor müsabakasının skorunu söyle istiyorum,kisaca spor musabakasinin skorunu soyle istiyorum,ALAN_DISI,KitapPusula-Final-özel,eğitim
bu kitapta hikâyeyi taşıyan kişi kim söyler misin,bu kitapta hik yeyi tasiyan kisi kim soyler misin,KARAKTER_SORUSU,KitapPusula-V6,eğitim
Sineklerin Tanrısı,sineklerin tanrisi,KITAP_ARAMA,KitapPusula-V6,eğitim
domates çorbası için hangi malzemeler gerekir,domates corbasi icin hangi malzemeler gerekir,YEMEK_TARIFI_SORUSU,MASSIVE-tr-TR,eğitim
kaç kitabı arayabiliyorsun şu anda,kac kitabi arayabiliyorsun su anda,KITAP_SAYISI,KitapPusula-V6,eğitim
fırında tavuk pişirmek için yardıma ihtiyacım var,firinda tavuk pisirmek icin yardima ihtiyacim var,YEMEK_TARIFI_SORUSU,MASSIVE-tr-TR,eğitim
romanda olaylar nasıl gelişiyor anlatır mısın,romanda olaylar nasil gelisiyor anlatir misin,OLAY_SORUSU,KitapPusula-V6,eğitim
patates kızartması için yağ kaç derecede kızartılmalı,patates kizartmasi icin yag kac derecede kizartilmali,YEMEK_TARIFI_SORUSU,MASSIVE-tr-TR,eğitim
toplam kayıt sayısını ver,toplam kayit sayisini ver,KITAP_SAYISI,KitapPusula-V6,eğitim
bu kitapta hikâye nasıl bitiyor,bu kitapta hik ye nasil bitiyor,OLAY_SORUSU,KitapPusula-V6,eğitim
bazen biraz sohbet etmek istiyorum,bazen biraz sohbet etmek istiyorum,GENEL_SOHBET,KitapPusula-Final-özel,eğitim
merak ettim fiziksel olarak neredesin şu anda,merak ettim fiziksel olarak neredesin su anda,BOT_KONUM,KitapPusula-Final-özel,eğitim
komutları göster lütfen,komutlari goster lutfen,YARDIM,KitapPusula-V6,eğitim
Aşk-ı Memnu,ask i memnu,KITAP_ARAMA,KitapPusula-V6,eğitim
sevgililer günü haftanın hangi günü,sevgililer gunu haftanin hangi gunu,TARIH_SAAT_SORUSU,MASSIVE-tr-TR,eğitim
sınıflandırıcı kategori listesini ver,siniflandirici kategori listesini ver,KATEGORI_LISTESI,KitapPusula-V6,eğitim
acaba kaç yıllıksın,acaba kac yilliksin,BOT_YAS,KitapPusula-Final-özel,eğitim
bugün işler nasıl,bugun isler nasil,NASILSIN,KitapPusula-V6,eğitim
kısaca sen bir robot musun bana,kisaca sen bir robot musun bana,BOT_KIMLIK,KitapPusula-Final-özel,eğitim
her şey yolunda mı,her sey yolunda mi,NASILSIN,KitapPusula-V6,eğitim
doğrudan yaratıcın kim,dogrudan yaraticin kim,BOT_YARATICI,KitapPusula-Final-özel,eğitim
bilgileri baştan yaz,bilgileri bastan yaz,TEKRAR_GOSTER,KitapPusula-V6,eğitim
keyfin nasıl,keyfin nasil,NASILSIN,KitapPusula-V6,eğitim
merak ettim haber gündeminde ne bulunuyor lütfen,merak ettim haber gundeminde ne bulunuyor lutfen,HABER_SORUSU,KitapPusula-Final-özel,eğitim
yardım et,yardim et,YARDIM,KitapPusula-V6,eğitim
yemek tarifi,yemek tarifi,YEMEK_TARIFI_SORUSU,MASSIVE-tr-TR,eğitim
acaba hangi şehirde yaşıyorsun,acaba hangi sehirde yasiyorsun,BOT_KONUM,KitapPusula-Final-özel,eğitim
bu kitap roman mı hikâye mi,bu kitap roman mi hik ye mi,TUR_SORUSU,KitapPusula-V6,eğitim
bugün moralin nasıl KitapPusula,bugun moralin nasil kitappusula,NASILSIN,KitapPusula-V6,eğitim
sence bu akşam yedi de sandalet giymem gerekiyor mu yoksa spor ayakkabı mı giyeyim,sence bu aksam yedi de sandalet giymem gerekiyor mu yoksa spor ayakkabi mi giyeyim,HAVA_SORUSU,MASSIVE-tr-TR,eğitim
az önceki kitabın yazan kişi kim,az onceki kitabin yazan kisi kim,YAZAR_SORUSU,KitapPusula-V6,eğitim
gerçekten teşekkür ederim sana,gercekten tesekkur ederim sana,TESEKKUR,KitapPusula-Final-özel,eğitim
bu romanda merkezdeki kişi kim söyler misin,bu romanda merkezdeki kisi kim soyler misin,KARAKTER_SORUSU,KitapPusula-V6,eğitim
Bir Delinin Hatıra Defteri,bir delinin hatira defteri,KITAP_ARAMA,KitapPusula-V6,eğitim
söyler misin hangi görevleri yaparsın lütfen,soyler misin hangi gorevleri yaparsin lutfen,BOT_YETENEK,KitapPusula-Final-özel,eğitim
söyler misin hangi görevleri yaparsın anlatır mısın,soyler misin hangi gorevleri yaparsin anlatir misin,BOT_YETENEK,KitapPusula-Final-özel,eğitim
pirinç pilavını buharda nasıl pişirebilirim,pirinc pilavini buharda nasil pisirebilirim,YEMEK_TARIFI_SORUSU,MASSIVE-tr-TR,eğitim
bugün güncel haberleri anlat lütfen,bugun guncel haberleri anlat lutfen,HABER_SORUSU,KitapPusula-Final-özel,eğitim
bir tane beni güldür lütfen,bir tane beni guldur lutfen,SAKA_ISTEGI,KitapPusula-Final-özel,eğitim
Suç ve Ceza,suc ve ceza,KITAP_ARAMA,KitapPusula-V6,eğitim
sistemde kitap havuzu ne kadar büyük,sistemde kitap havuzu ne kadar buyuk,KITAP_SAYISI,KitapPusula-V6,eğitim
hangi kitap türlerini ayırıyor,hangi kitap turlerini ayiriyor,KATEGORI_LISTESI,KitapPusula-V6,eğitim
tamam ben çıkıyorum sonra,tamam ben cikiyorum sonra,VEDA,KitapPusula-Final-özel,eğitim
şu anda bir yaşın var mı lütfen,su anda bir yasin var mi lutfen,BOT_YAS,KitapPusula-Final-özel,eğitim
bir tane kısa bir fıkra anlat olur mu,bir tane kisa bir fikra anlat olur mu,SAKA_ISTEGI,KitapPusula-Final-özel,eğitim
Kırmızı Saçlı Kadın,kirmizi sacli kadin,KITAP_ARAMA,KitapPusula-V6,eğitim
kısaca ne işe yarıyorsun,kisaca ne ise yariyorsun,BOT_YETENEK,KitapPusula-Final-özel,eğitim
az önce son kitap hangisiydi söyler misin,az once son kitap hangisiydi soyler misin,KITAP_ADI_SORUSU,KitapPusula-V6,eğitim
keyfin nasıl söyler misin,keyfin nasil soyler misin,NASILSIN,KitapPusula-V6,eğitim
sen tüm kitaplar sende var mı şu anda,sen tum kitaplar sende var mi su anda,HER_KITAP_SORUSU,KitapPusula-V6,eğitim
bu eser hangi edebî sınıfa giriyor söyler misin,bu eser hangi edeb sinifa giriyor soyler misin,TUR_SORUSU,KitapPusula-V6,eğitim
ankara'da saat kaç,ankara da saat kac,TARIH_SAAT_SORUSU,MASSIVE-tr-TR,eğitim
kısaca sen bir robot musun,kisaca sen bir robot musun,BOT_KIMLIK,KitapPusula-Final-özel,eğitim
merak ettim seni kim geliştirdi lütfen,merak ettim seni kim gelistirdi lutfen,BOT_YARATICI,KitapPusula-Final-özel,eğitim
merak ettim bir adresin var mı,merak ettim bir adresin var mi,BOT_KONUM,KitapPusula-Final-özel,eğitim
gerçekten yardımın işime yaradı KitapPusula,gercekten yardimin isime yaradi kitappusula,TESEKKUR,KitapPusula-Final-özel,eğitim
cross validation sonucu nedir söyler misin,cross validation sonucu nedir soyler misin,MODEL_BILGISI,KitapPusula-V6,eğitim
moralin nasıl bakalım,moralin nasil bakalim,NASILSIN,KitapPusula-V6,eğitim
yazar tür sayfa ve özeti söyle,yazar tur sayfa ve ozeti soyle,TEKRAR_GOSTER,KitapPusula-V6,eğitim
bugün kendini nasıl hissediyorsun KitapPusula,bugun kendini nasil hissediyorsun kitappusula,NASILSIN,KitapPusula-V6,eğitim
verdiğin cevap için teşekkürler sana,verdigin cevap icin tesekkurler sana,TESEKKUR,KitapPusula-Final-özel,eğitim
selam bugün de,selam bugun de,SELAMLAMA,KitapPusula-V6,eğitim
merak ettim yaşlı mısın,merak ettim yasli misin,BOT_YAS,KitapPusula-Final-özel,eğitim
ne yapabiliyorsun,ne yapabiliyorsun,YARDIM,KitapPusula-V6,eğitim
şu anda güncel haberleri anlat,su anda guncel haberleri anlat,HABER_SORUSU,KitapPusula-Final-özel,eğitim
gerçekten eyvallah sana,gercekten eyvallah sana,TESEKKUR,KitapPusula-Final-özel,eğitim
artık başka zaman devam edelim sonra,artik baska zaman devam edelim sonra,VEDA,KitapPusula-Final-özel,eğitim
kitap modeli için başarı oranı nedir ayrıntılı anlat,kitap modeli icin basari orani nedir ayrintili anlat,MODEL_BILGISI,KitapPusula-V6,eğitim
fox ana haber de şu anki baş hikaye nedir,fox ana haber de su anki bas hikaye nedir,HABER_SORUSU,MASSIVE-tr-TR,eğitim
nasılsın söyler misin,nasilsin soyler misin,NASILSIN,KitapPusula-V6,eğitim
sayfa bilgisini ver,sayfa bilgisini ver,SAYFA_SORUSU,KitapPusula-V6,eğitim
modelle etiketsiz kitabın kategorisini bul,modelle etiketsiz kitabin kategorisini bul,YENI_KITAP_SINIFLANDIR,KitapPusula-V6,eğitim
lütfen detayları yeniden göster bir kez daha,lutfen detaylari yeniden goster bir kez daha,TEKRAR_GOSTER,KitapPusula-V6,eğitim
adı ne bunun,adi ne bunun,KITAP_ADI_SORUSU,KitapPusula-V6,eğitim
bu kitabın sahibi hangi yazar,bu kitabin sahibi hangi yazar,YAZAR_SORUSU,KitapPusula-V6,eğitim
bu kitap edebî türü nedir hatırlatır mısın,bu kitap edeb turu nedir hatirlatir misin,TUR_SORUSU,KitapPusula-V6,eğitim
az önce hangi kitabı konuşuyoruz söyler misin,az once hangi kitabi konusuyoruz soyler misin,KITAP_ADI_SORUSU,KitapPusula-V6,eğitim
bu kitap insana ne hissettirir,bu kitap insana ne hissettirir,SERBEST_KITAP_SORUSU,KitapPusula-V6,eğitim
hadi neşeli bir cümle kur,hadi neseli bir cumle kur,SAKA_ISTEGI,KitapPusula-Final-özel,eğitim
söyler misin hangi konularda yardımcı olursun lütfen,soyler misin hangi konularda yardimci olursun lutfen,BOT_YETENEK,KitapPusula-Final-özel,eğitim
bu eserin kimin eseri söyler misin,bu eserin kimin eseri soyler misin,YAZAR_SORUSU,KitapPusula-V6,eğitim
KitapPusula ile metinden kitap türü çıkar lütfen,kitappusula ile metinden kitap turu cikar lutfen,YENI_KITAP_SINIFLANDIR,KitapPusula-V6,eğitim
sistemde toplam kaç eser bulunuyor söyler misin,sistemde toplam kac eser bulunuyor soyler misin,KITAP_SAYISI,KitapPusula-V6,eğitim
bana kullanım seçeneklerini ver anlatır mısın,bana kullanim seceneklerini ver anlatir misin,YARDIM,KitapPusula-V6,eğitim
söyler misin seni kim geliştirdi bana,soyler misin seni kim gelistirdi bana,BOT_YARATICI,KitapPusula-Final-özel,eğitim
romanda sonunda ne oluyor anlatır mısın,romanda sonunda ne oluyor anlatir misin,OLAY_SORUSU,KitapPusula-V6,eğitim
olly hatayda saat kaç,olly hatayda saat kac,TARIH_SAAT_SORUSU,MASSIVE-tr-TR,eğitim
lütfen bilgileri baştan yaz bir kez daha,lutfen bilgileri bastan yaz bir kez daha,TEKRAR_GOSTER,KitapPusula-V6,eğitim
dondurmak,dondurmak,YEMEK_TARIFI_SORUSU,MASSIVE-tr-TR,eğitim
bu sistem veri setinde olmayan kitabı bulabilir mi gerçekten,bu sistem veri setinde olmayan kitabi bulabilir mi gercekten,HER_KITAP_SORUSU,KitapPusula-V6,eğitim
merak ettim bana nasıl yardım edersin,merak ettim bana nasil yardim edersin,BOT_YETENEK,KitapPusula-Final-özel,eğitim
az önce hangi kitaptan söz ettik söyler misin,az once hangi kitaptan soz ettik soyler misin,KITAP_ADI_SORUSU,KitapPusula-V6,eğitim
bu kitap hakkında detaylandır lütfen,bu kitap hakkinda detaylandir lutfen,DETAY_SORUSU,KitapPusula-V6,eğitim
sınıflandırıcı kaç tür tanıyor söyler misin,siniflandirici kac tur taniyor soyler misin,KATEGORI_LISTESI,KitapPusula-V6,eğitim
iyi geceler orada mısın,iyi geceler orada misin,SELAMLAMA,KitapPusula-V6,eğitim
bu eser ne anlatıyor anlatır mısın,bu eser ne anlatiyor anlatir misin,OZET_SORUSU,KitapPusula-V6,eğitim
Kürk Mantolu Madonna,kurk mantolu madonna,KITAP_ARAMA,KitapPusula-V6,eğitim
nerede yaşıyorsun şu anda,nerede yasiyorsun su anda,BOT_KONUM,KitapPusula-Final-özel,eğitim
yeni kitap türü tahmini yap,yeni kitap turu tahmini yap,YENI_KITAP_SINIFLANDIR,KitapPusula-V6,eğitim
doğruluk oranını göster,dogruluk oranini goster,MODEL_BILGISI,KitapPusula-V6,eğitim
kendinden biraz bahset,kendinden biraz bahset,BOT_KIMLIK,KitapPusula-Final-özel,eğitim
bu eser hangi tür,bu eser hangi tur,TUR_SORUSU,KitapPusula-V6,eğitim
az önceki kitap için kitap bilgisini yinele,az onceki kitap icin kitap bilgisini yinele,TEKRAR_GOSTER,KitapPusula-V6,eğitim
bir tane espri yap,bir tane espri yap,SAKA_ISTEGI,KitapPusula-Final-özel,eğitim
modelle yeni kitap sınıflandır başlat,modelle yeni kitap siniflandir baslat,YENI_KITAP_SINIFLANDIR,KitapPusula-V6,eğitim
çok yardımcı oldun,cok yardimci oldun,TESEKKUR,KitapPusula-Final-özel,eğitim
başarı oranı nedir ayrıntılı anlat,basari orani nedir ayrintili anlat,MODEL_BILGISI,KitapPusula-V6,eğitim
merak ettim sen kimsin lütfen,merak ettim sen kimsin lutfen,BOT_KIMLIK,KitapPusula-Final-özel,eğitim
kendini tanıt,kendini tanit,BOT_KIMLIK,KitapPusula-Final-özel,eğitim
merak ettim son dakika gelişmeleri neler söyler misin,merak ettim son dakika gelismeleri neler soyler misin,HABER_SORUSU,KitapPusula-Final-özel,eğitim
yeniden selam,yeniden selam,SELAMLAMA,KitapPusula-V6,eğitim
bu eser kaç sayfa söyler misin,bu eser kac sayfa soyler misin,SAYFA_SORUSU,KitapPusula-V6,eğitim
yerel veri tabanında kaç kitap var söyler misin,yerel veri tabaninda kac kitap var soyler misin,KITAP_SAYISI,KitapPusula-V6,eğitim
lütfen tam bilgiyi getir,lutfen tam bilgiyi getir,TEKRAR_GOSTER,KitapPusula-V6,eğitim
türlerin neler,turlerin neler,KATEGORI_LISTESI,KitapPusula-V6,eğitim
etiketsiz kitabın kategorisini bul başlat,etiketsiz kitabin kategorisini bul baslat,YENI_KITAP_SINIFLANDIR,KitapPusula-V6,eğitim
bu kitap edebî türü nedir söyler misin,bu kitap edeb turu nedir soyler misin,TUR_SORUSU,KitapPusula-V6,eğitim
merak ettim hangi ortamda çalışıyorsun lütfen,merak ettim hangi ortamda calisiyorsun lutfen,BOT_KONUM,KitapPusula-Final-özel,eğitim
hemen uygulama kodu hazırla olur mu,hemen uygulama kodu hazirla olur mu,ALAN_DISI,KitapPusula-Final-özel,eğitim
bu kitabın yazarının adı ne söyler misin,bu kitabin yazarinin adi ne soyler misin,YAZAR_SORUSU,KitapPusula-V6,eğitim
tamam kendine iyi bak,tamam kendine iyi bak,VEDA,KitapPusula-Final-özel,eğitim
bu kitapta öne çıkan karakter kim hatırlatır mısın,bu kitapta one cikan karakter kim hatirlatir misin,KARAKTER_SORUSU,KitapPusula-V6,eğitim
bu eserle ilgili biraz daha ayrıntı anlat lütfen,bu eserle ilgili biraz daha ayrinti anlat lutfen,DETAY_SORUSU,KitapPusula-V6,eğitim
modelle metinden kitap türü çıkar,modelle metinden kitap turu cikar,YENI_KITAP_SINIFLANDIR,KitapPusula-V6,eğitim
benim saatim ol,benim saatim ol,TARIH_SAAT_SORUSU,MASSIVE-tr-TR,eğitim
aklıma bir konu geldi şimdi,aklima bir konu geldi simdi,GENEL_SOHBET,KitapPusula-Final-özel,eğitim
Küçük Prens,kucuk prens,KITAP_ARAMA,KitapPusula-V6,eğitim
az önceki kitap içeriğinden bahset,az onceki kitap iceriginden bahset,OZET_SORUSU,KitapPusula-V6,eğitim
bu kitap neyi konu alıyor,bu kitap neyi konu aliyor,OZET_SORUSU,KitapPusula-V6,eğitim
bu yıl dört temmuz haftanın hangi gününe denk geliyor,bu yil dort temmuz haftanin hangi gunune denk geliyor,TARIH_SAAT_SORUSU,MASSIVE-tr-TR,eğitim
hangi eser açık hatırlatır mısın,hangi eser acik hatirlatir misin,KITAP_ADI_SORUSU,KitapPusula-V6,eğitim
alexa bugün şemsiye lazım mı,alexa bugun semsiye lazim mi,HAVA_SORUSU,MASSIVE-tr-TR,eğitim
bu kitap kaç sayfa söyler misin,bu kitap kac sayfa soyler misin,SAYFA_SORUSU,KitapPusula-V6,eğitim
biraz sohbet etmek istiyorum şimdi,biraz sohbet etmek istiyorum simdi,GENEL_SOHBET,KitapPusula-Final-özel,eğitim
az önce hangi kitaptan söz ettik,az once hangi kitaptan soz ettik,KITAP_ADI_SORUSU,KitapPusula-V6,eğitim
model kategori listesini ver söyler misin,model kategori listesini ver soyler misin,KATEGORI_LISTESI,KitapPusula-V6,eğitim
acaba seni kim geliştirdi,acaba seni kim gelistirdi,BOT_YARATICI,KitapPusula-Final-özel,eğitim
biraz önce kitabın ismini hatırlat,biraz once kitabin ismini hatirlat,KITAP_ADI_SORUSU,KitapPusula-V6,eğitim
bugün iyi misin bakalım,bugun iyi misin bakalim,NASILSIN,KitapPusula-V6,eğitim
artık hoşça kal sonra,artik hosca kal sonra,VEDA,KitapPusula-Final-özel,eğitim
yarın yanıma şemsiye alayım mı,yarin yanima semsiye alayim mi,HAVA_SORUSU,MASSIVE-tr-TR,eğitim
merhaba bugün de,merhaba bugun de,SELAMLAMA,KitapPusula-V6,eğitim
bugün güncel gelişmeler neler,bugun guncel gelismeler neler,HABER_SORUSU,KitapPusula-Final-özel,eğitim
bu kitap edebî türü nedir,bu kitap edeb turu nedir,TUR_SORUSU,KitapPusula-V6,eğitim
acaba nerelisin lütfen,acaba nerelisin lutfen,BOT_KONUM,KitapPusula-Final-özel,eğitim
yerel veri tabanında ne kadar kitap biliyorsun,yerel veri tabaninda ne kadar kitap biliyorsun,KITAP_SAYISI,KitapPusula-V6,eğitim
bu hangi kitaptı,bu hangi kitapti,KITAP_ADI_SORUSU,KitapPusula-V6,eğitim
sence bana uygun mu,sence bana uygun mu,SERBEST_KITAP_SORUSU,KitapPusula-V6,eğitim
ne zamandır varsın lütfen,ne zamandir varsin lutfen,BOT_YAS,KitapPusula-Final-özel,eğitim
lütfen biraz mizah yap olur mu,lutfen biraz mizah yap olur mu,SAKA_ISTEGI,KitapPusula-Final-özel,eğitim
hangi eser açık söyler misin,hangi eser acik soyler misin,KITAP_ADI_SORUSU,KitapPusula-V6,eğitim
sistemde kitap sayısı kaç şu anda,sistemde kitap sayisi kac su anda,KITAP_SAYISI,KitapPusula-V6,eğitim
romanda hangi maceralar yaşanıyor kısaca söyler misin,romanda hangi maceralar yasaniyor kisaca soyler misin,OLAY_SORUSU,KitapPusula-V6,eğitim
açıklar mısın nasıl bir asistansın,aciklar misin nasil bir asistansin,BOT_KIMLIK,KitapPusula-Final-özel,eğitim
bu kitabın hangi yazar yazdı hatırlatır mısın,bu kitabin hangi yazar yazdi hatirlatir misin,YAZAR_SORUSU,KitapPusula-V6,eğitim
İnce Memed,ince memed,KITAP_ARAMA,KitapPusula-V6,eğitim
romanda sonunda ne oluyor,romanda sonunda ne oluyor,OLAY_SORUSU,KitapPusula-V6,eğitim
yerel veri tabanında kaç kayıt tutuluyor şu anda,yerel veri tabaninda kac kayit tutuluyor su anda,KITAP_SAYISI,KitapPusula-V6,eğitim
bugün kendini nasıl hissediyorsun bakalım,bugun kendini nasil hissediyorsun bakalim,NASILSIN,KitapPusula-V6,eğitim
kitap modeli için model bilgilerini göster ayrıntılı anlat,kitap modeli icin model bilgilerini goster ayrintili anlat,MODEL_BILGISI,KitapPusula-V6,eğitim
bazen konuşacak çok şey var şimdi,bazen konusacak cok sey var simdi,GENEL_SOHBET,KitapPusula-Final-özel,eğitim
hadi biraz mizah yap olur mu,hadi biraz mizah yap olur mu,SAKA_ISTEGI,KitapPusula-Final-özel,eğitim
selamlar KitapPusula,selamlar kitappusula,SELAMLAMA,KitapPusula-V6,eğitim
söyler misin hangi şehirde yaşıyorsun,soyler misin hangi sehirde yasiyorsun,BOT_KONUM,KitapPusula-Final-özel,eğitim
kaç kitap var şu anda,kac kitap var su anda,KITAP_SAYISI,KitapPusula-V6,eğitim
yumurta pişirmek için iyi yöntem nedir,yumurta pisirmek icin iyi yontem nedir,YEMEK_TARIFI_SORUSU,MASSIVE-tr-TR,eğitim
lütfen kitaplarla ilgili şaka anlat olur mu,lutfen kitaplarla ilgili saka anlat olur mu,SAKA_ISTEGI,KitapPusula-Final-özel,eğitim
az önceki kitap ne anlatıyor lütfen,az onceki kitap ne anlatiyor lutfen,OZET_SORUSU,KitapPusula-V6,eğitim
samsunda saat kaç,samsunda saat kac,TARIH_SAAT_SORUSU,MASSIVE-tr-TR,eğitim
merak ettim ne zaman doğdun şu anda,merak ettim ne zaman dogdun su anda,BOT_YAS,KitapPusula-Final-özel,eğitim
bu eser edebî türü nedir hatırlatır mısın,bu eser edeb turu nedir hatirlatir misin,TUR_SORUSU,KitapPusula-V6,eğitim
tamam sonra konuşuruz sonra,tamam sonra konusuruz sonra,VEDA,KitapPusula-Final-özel,eğitim
bu eser konusu ne lütfen,bu eser konusu ne lutfen,OZET_SORUSU,KitapPusula-V6,eğitim
sınıflandırıcı kategori listesini ver söyler misin,siniflandirici kategori listesini ver soyler misin,KATEGORI_LISTESI,KitapPusula-V6,eğitim
kim yazdı bunu,kim yazdi bunu,YAZAR_SORUSU,KitapPusula-V6,eğitim
yeteneklerin neler anlatır mısın,yeteneklerin neler anlatir misin,BOT_YETENEK,KitapPusula-Final-özel,eğitim
bu romanda ana karakter kim söyler misin,bu romanda ana karakter kim soyler misin,KARAKTER_SORUSU,KitapPusula-V6,eğitim
az önce hangi kitabı konuşuyoruz,az once hangi kitabi konusuyoruz,KITAP_ADI_SORUSU,KitapPusula-V6,eğitim
bugün gündem nasıl özetler misin,bugun gundem nasil ozetler misin,HABER_SORUSU,KitapPusula-Final-özel,eğitim
bu eser hangi tür söyler misin,bu eser hangi tur soyler misin,TUR_SORUSU,KitapPusula-V6,eğitim
Denizler Altında Yirmi Bin Fersah,denizler altinda yirmi bin fersah,KITAP_ARAMA,KitapPusula-V6,eğitim
cakarta saatini söyle,cakarta saatini soyle,TARIH_SAAT_SORUSU,MASSIVE-tr-TR,eğitim
söyler misin ne zamandır varsın lütfen,soyler misin ne zamandir varsin lutfen,BOT_YAS,KitapPusula-Final-özel,eğitim
moralin nasıl,moralin nasil,NASILSIN,KitapPusula-V6,eğitim
o zaman sohbeti bitirelim,o zaman sohbeti bitirelim,VEDA,KitapPusula-Final-özel,eğitim
merak ettim fiziksel olarak neredesin lütfen,merak ettim fiziksel olarak neredesin lutfen,BOT_KONUM,KitapPusula-Final-özel,eğitim
bana bir köfte tarifi ver,bana bir kofte tarifi ver,YEMEK_TARIFI_SORUSU,MASSIVE-tr-TR,eğitim
az önce kitabın adı neydi,az once kitabin adi neydi,KITAP_ADI_SORUSU,KitapPusula-V6,eğitim
başka zaman devam edelim KitapPusula,baska zaman devam edelim kitappusula,VEDA,KitapPusula-Final-özel,eğitim
neşeli bir cümle kur lütfen,neseli bir cumle kur lutfen,SAKA_ISTEGI,KitapPusula-Final-özel,eğitim
bu kitap hangi türe ait söyler misin,bu kitap hangi ture ait soyler misin,TUR_SORUSU,KitapPusula-V6,eğitim
istanbul saati,istanbul saati,TARIH_SAAT_SORUSU,MASSIVE-tr-TR,eğitim
bugün nasıl gidiyor KitapPusula,bugun nasil gidiyor kitappusula,NASILSIN,KitapPusula-V6,eğitim
kitap modeli için hangi algoritma kullanıldı,kitap modeli icin hangi algoritma kullanildi,MODEL_BILGISI,KitapPusula-V6,eğitim
ne kadar kitap biliyorsun şu anda,ne kadar kitap biliyorsun su anda,KITAP_SAYISI,KitapPusula-V6,eğitim
tıbbi teşhis koy olur mu,tibbi teshis koy olur mu,ALAN_DISI,KitapPusula-Final-özel,eğitim
bana ne yapabiliyorsun anlatır mısın,bana ne yapabiliyorsun anlatir misin,YARDIM,KitapPusula-V6,eğitim
merak ettim kaç yıllıksın lütfen,merak ettim kac yilliksin lutfen,BOT_YAS,KitapPusula-Final-özel,eğitim
yemekleri pişirmek üzere nasıl hazırlarım,yemekleri pisirmek uzere nasil hazirlarim,YEMEK_TARIFI_SORUSU,MASSIVE-tr-TR,eğitim
bu kitap kalın mı,bu kitap kalin mi,SAYFA_SORUSU,KitapPusula-V6,eğitim
bana özelliklerini anlat,bana ozelliklerini anlat,YARDIM,KitapPusula-V6,eğitim
bu kitapta olaylar nasıl gelişiyor anlatır mısın,bu kitapta olaylar nasil gelisiyor anlatir misin,OLAY_SORUSU,KitapPusula-V6,eğitim
modelle kitap açıklamasından tür tahmin et lütfen,modelle kitap aciklamasindan tur tahmin et lutfen,YENI_KITAP_SINIFLANDIR,KitapPusula-V6,eğitim
Koca Ali kimdir,koca ali kimdir,KARAKTER_SORUSU,KitapPusula-V6,eğitim
ankarada mevcut hava durumu ne,ankarada mevcut hava durumu ne,HAVA_SORUSU,MASSIVE-tr-TR,eğitim
selam,selam,SELAMLAMA,KitapPusula-V6,eğitim
bu eser kısa özetini ver lütfen,bu eser kisa ozetini ver lutfen,OZET_SORUSU,KitapPusula-V6,eğitim
açıklar mısın adın ne,aciklar misin adin ne,BOT_KIMLIK,KitapPusula-Final-özel,eğitim
Körlük,korluk,KITAP_ARAMA,KitapPusula-V6,eğitim
hemen bir fonksiyon yaz olur mu,hemen bir fonksiyon yaz olur mu,ALAN_DISI,KitapPusula-Final-özel,eğitim
artık şimdilik bu kadar sonra,artik simdilik bu kadar sonra,VEDA,KitapPusula-Final-özel,eğitim
acaba bir adresin var mı,acaba bir adresin var mi,BOT_KONUM,KitapPusula-Final-özel,eğitim
romanda olaylar nasıl gelişiyor kısaca söyler misin,romanda olaylar nasil gelisiyor kisaca soyler misin,OLAY_SORUSU,KitapPusula-V6,eğitim
bu kitap hakkında ayrıntılı anlat lütfen,bu kitap hakkinda ayrintili anlat lutfen,DETAY_SORUSU,KitapPusula-V6,eğitim
lütfen bana bu hafta cuma günü hava açık ve güneşli olacak mı söyle,lutfen bana bu hafta cuma gunu hava acik ve gunesli olacak mi soyle,HAVA_SORUSU,MASSIVE-tr-TR,eğitim
yardımın için minnettarım sana,yardimin icin minnettarim sana,TESEKKUR,KitapPusula-Final-özel,eğitim
başka zaman devam edelim,baska zaman devam edelim,VEDA,KitapPusula-Final-özel,eğitim
hikâyede sonunda ne oluyor,hik yede sonunda ne oluyor,OLAY_SORUSU,KitapPusula-V6,eğitim
teşekkürler KitapPusula,tesekkurler kitappusula,TESEKKUR,KitapPusula-Final-özel,eğitim
kitap modeli için performans metrikleri ne,kitap modeli icin performans metrikleri ne,MODEL_BILGISI,KitapPusula-V6,eğitim
model kaç tür tanıyor söyler misin,model kac tur taniyor soyler misin,KATEGORI_LISTESI,KitapPusula-V6,eğitim
izmir'de anlık hava durumu,izmir de anlik hava durumu,HAVA_SORUSU,MASSIVE-tr-TR,eğitim
eyvallah sana,eyvallah sana,TESEKKUR,KitapPusula-Final-özel,eğitim
modelle metinden kitap türü çıkar başlat,modelle metinden kitap turu cikar baslat,YENI_KITAP_SINIFLANDIR,KitapPusula-V6,eğitim
söyler misin adın ne bana,soyler misin adin ne bana,BOT_KIMLIK,KitapPusula-Final-özel,eğitim
bana nasıl kullanılır,bana nasil kullanilir,YARDIM,KitapPusula-V6,eğitim
kitaplardan konuşmayı seviyorum şimdi,kitaplardan konusmayi seviyorum simdi,GENEL_SOHBET,KitapPusula-Final-özel,eğitim
arkanda kim var,arkanda kim var,BOT_YARATICI,KitapPusula-Final-özel,eğitim
bugün akşam hava nasıl olacak,bugun aksam hava nasil olacak,HAVA_SORUSU,MASSIVE-tr-TR,eğitim
tamam görüşürüz KitapPusula,tamam gorusuruz kitappusula,VEDA,KitapPusula-Final-özel,eğitim
bu kitap ana konusu nedir,bu kitap ana konusu nedir,OZET_SORUSU,KitapPusula-V6,eğitim
konuyu biraz aç,konuyu biraz ac,DETAY_SORUSU,KitapPusula-V6,eğitim
kitabın adı neydi söyler misin,kitabin adi neydi soyler misin,KITAP_ADI_SORUSU,KitapPusula-V6,eğitim
açıklamayı sınıfa ayır lütfen,aciklamayi sinifa ayir lutfen,YENI_KITAP_SINIFLANDIR,KitapPusula-V6,eğitim
KitapPusula bütün kitapları biliyor mu,kitappusula butun kitaplari biliyor mu,HER_KITAP_SORUSU,KitapPusula-V6,eğitim
şu an dışarıda hava kaç derece,su an disarida hava kac derece,HAVA_SORUSU,MASSIVE-tr-TR,eğitim
bir adresin var mı şu anda,bir adresin var mi su anda,BOT_KONUM,KitapPusula-Final-özel,eğitim
bu eser hangi edebî sınıfa giriyor,bu eser hangi edeb sinifa giriyor,TUR_SORUSU,KitapPusula-V6,eğitim
KitapPusula her kitabı bulabiliyor musun şu anda,kitappusula her kitabi bulabiliyor musun su anda,HER_KITAP_SORUSU,KitapPusula-V6,eğitim
az önceki kitap edebî türü nedir,az onceki kitap edeb turu nedir,TUR_SORUSU,KitapPusula-V6,eğitim
bugün nasıl gidiyor bakalım,bugun nasil gidiyor bakalim,NASILSIN,KitapPusula-V6,eğitim
dünya yerel haberleri,dunya yerel haberleri,HABER_SORUSU,MASSIVE-tr-TR,eğitim
az önceki kitap için bilgileri baştan yaz,az onceki kitap icin bilgileri bastan yaz,TEKRAR_GOSTER,KitapPusula-V6,eğitim
merhabalar orada mısın,merhabalar orada misin,SELAMLAMA,KitapPusula-V6,eğitim
neyle ilgili bu,neyle ilgili bu,OZET_SORUSU,KitapPusula-V6,eğitim
kısaca nasıl bir asistansın lütfen,kisaca nasil bir asistansin lutfen,BOT_KIMLIK,KitapPusula-Final-özel,eğitim
dışarıdaki hava durumu nasıl bulutlu,disaridaki hava durumu nasil bulutlu,HAVA_SORUSU,MASSIVE-tr-TR,eğitim
romanda neden böyle davranıyor,romanda neden boyle davraniyor,OLAY_SORUSU,KitapPusula-V6,eğitim
bana şifre kırmayı öğret,bana sifre kirmayi ogret,ALAN_DISI,KitapPusula-Final-özel,eğitim
sen sınırsız kitaba erişebiliyor mu,sen sinirsiz kitaba erisebiliyor mu,HER_KITAP_SORUSU,KitapPusula-V6,eğitim
selamünaleyküm sana da,selamunaleykum sana da,SELAMLAMA,KitapPusula-V6,eğitim
lütfen şifre kırmayı öğret,lutfen sifre kirmayi ogret,ALAN_DISI,KitapPusula-Final-özel,eğitim
adın ne,adin ne,BOT_KIMLIK,KitapPusula-Final-özel,eğitim
bu kitap ne anlatıyor anlatır mısın,bu kitap ne anlatiyor anlatir misin,OZET_SORUSU,KitapPusula-V6,eğitim
kendini nasıl hissediyorsun KitapPusula,kendini nasil hissediyorsun kitappusula,NASILSIN,KitapPusula-V6,eğitim
bu eserin hangi yazar yazdı,bu eserin hangi yazar yazdi,YAZAR_SORUSU,KitapPusula-V6,eğitim
nasıl gidiyor KitapPusula,nasil gidiyor kitappusula,NASILSIN,KitapPusula-V6,eğitim
yaşlı mısın lütfen,yasli misin lutfen,BOT_YAS,KitapPusula-Final-özel,eğitim
merak ettim kendini tanıt,merak ettim kendini tanit,BOT_KIMLIK,KitapPusula-Final-özel,eğitim
bugün c. n. n. de hangi yazılar var,bugun c n n de hangi yazilar var,HABER_SORUSU,MASSIVE-tr-TR,eğitim
iyi akşamlar bugün de,iyi aksamlar bugun de,SELAMLAMA,KitapPusula-V6,eğitim
çok emeğine sağlık KitapPusula,cok emegine saglik kitappusula,TESEKKUR,KitapPusula-Final-özel,eğitim
yorumuna göre yazar bunu neden yazmış olabilir,yorumuna gore yazar bunu neden yazmis olabilir,SERBEST_KITAP_SORUSU,KitapPusula-V6,eğitim
Kırmızı Pazartesi,kirmizi pazartesi,KITAP_ARAMA,KitapPusula-V6,eğitim
bana komutları göster,bana komutlari goster,YARDIM,KitapPusula-V6,eğitim
sistemde kaç kitap var şu anda,sistemde kac kitap var su anda,KITAP_SAYISI,KitapPusula-V6,eğitim
bu eser uzun bir kitap mı,bu eser uzun bir kitap mi,SAYFA_SORUSU,KitapPusula-V6,eğitim
modelle bilinmeyen kitabın türünü belirle lütfen,modelle bilinmeyen kitabin turunu belirle lutfen,YENI_KITAP_SINIFLANDIR,KitapPusula-V6,eğitim
Uğultulu Tepeler,ugultulu tepeler,KITAP_ARAMA,KitapPusula-V6,eğitim
sınıflandırıcı hangi sınıflar var,siniflandirici hangi siniflar var,KATEGORI_LISTESI,KitapPusula-V6,eğitim
lütfen beni güldür olur mu,lutfen beni guldur olur mu,SAKA_ISTEGI,KitapPusula-Final-özel,eğitim
açıklar mısın sen nesin bana,aciklar misin sen nesin bana,BOT_KIMLIK,KitapPusula-Final-özel,eğitim
muş ta zaman,mus ta zaman,TARIH_SAAT_SORUSU,MASSIVE-tr-TR,eğitim
yorumuna göre kitap kimlere uygun,yorumuna gore kitap kimlere uygun,SERBEST_KITAP_SORUSU,KitapPusula-V6,eğitim
selamünaleyküm orada mısın,selamunaleykum orada misin,SELAMLAMA,KitapPusula-V6,eğitim
bu kitapta hangi karakterler var hatırlatır mısın,bu kitapta hangi karakterler var hatirlatir misin,KARAKTER_SORUSU,KitapPusula-V6,eğitim
az önceki kitap konusu ne,az onceki kitap konusu ne,OZET_SORUSU,KitapPusula-V6,eğitim
gerçekten yardımın işime yaradı sana,gercekten yardimin isime yaradi sana,TESEKKUR,KitapPusula-Final-özel,eğitim
yorumuna göre kitap okunmaya değer mi yorumlar mısın,yorumuna gore kitap okunmaya deger mi yorumlar misin,SERBEST_KITAP_SORUSU,KitapPusula-V6,eğitim
arkanda kim var lütfen,arkanda kim var lutfen,BOT_YARATICI,KitapPusula-Final-özel,eğitim
sence bu eserden ne ders çıkarılır yorumlar mısın,sence bu eserden ne ders cikarilir yorumlar misin,SERBEST_KITAP_SORUSU,KitapPusula-V6,eğitim
bu kitapta sonunda ne oluyor anlatır mısın,bu kitapta sonunda ne oluyor anlatir misin,OLAY_SORUSU,KitapPusula-V6,eğitim
romanda kahraman neden yola çıkıyor kısaca söyler misin,romanda kahraman neden yola cikiyor kisaca soyler misin,OLAY_SORUSU,KitapPusula-V6,eğitim
bu kitap okuması uzun sürer mi,bu kitap okumasi uzun surer mi,SAYFA_SORUSU,KitapPusula-V6,eğitim
bir tane komik bir şey söyle lütfen,bir tane komik bir sey soyle lutfen,SAKA_ISTEGI,KitapPusula-Final-özel,eğitim
adana için haber başlıkları,adana icin haber basliklari,HABER_SORUSU,MASSIVE-tr-TR,eğitim
kim olduğunu anlat,kim oldugunu anlat,BOT_KIMLIK,KitapPusula-Final-özel,eğitim
önümüzdeki çarşamba ayın kaçı olacak,onumuzdeki carsamba ayin kaci olacak,TARIH_SAAT_SORUSU,MASSIVE-tr-TR,eğitim
az önce neye bakıyorduk,az once neye bakiyorduk,KITAP_ADI_SORUSU,KitapPusula-V6,eğitim
verdiğin cevap için teşekkürler,verdigin cevap icin tesekkurler,TESEKKUR,KitapPusula-Final-özel,eğitim
bu eserin kim kaleme aldı söyler misin,bu eserin kim kaleme aldi soyler misin,YAZAR_SORUSU,KitapPusula-V6,eğitim
bu eser türü ne,bu eser turu ne,TUR_SORUSU,KitapPusula-V6,eğitim
senin yaşın olur mu,senin yasin olur mu,BOT_YAS,KitapPusula-Final-özel,eğitim
görüşürüz KitapPusula,gorusuruz kitappusula,VEDA,KitapPusula-Final-özel,eğitim
eyvallah KitapPusula,eyvallah kitappusula,TESEKKUR,KitapPusula-Final-özel,eğitim
bu kitabın yazarının adı ne,bu kitabin yazarinin adi ne,YAZAR_SORUSU,KitapPusula-V6,eğitim
söyler misin ismin nedir,soyler misin ismin nedir,BOT_KIMLIK,KitapPusula-Final-özel,eğitim
bu kitap roman mı hikâye mi söyler misin,bu kitap roman mi hik ye mi soyler misin,TUR_SORUSU,KitapPusula-V6,eğitim
verdiğin cevap için cevabın faydalı oldu KitapPusula,verdigin cevap icin cevabin faydali oldu kitappusula,TESEKKUR,KitapPusula-Final-özel,eğitim
sence kitap okunmaya değer mi,sence kitap okunmaya deger mi,SERBEST_KITAP_SORUSU,KitapPusula-V6,eğitim
bir şeyler paylaşmak istiyorum şimdi,bir seyler paylasmak istiyorum simdi,GENEL_SOHBET,KitapPusula-Final-özel,eğitim
şu anda konumun neresi,su anda konumun neresi,BOT_KONUM,KitapPusula-Final-özel,eğitim
bu kitabın kim kaleme aldı hatırlatır mısın,bu kitabin kim kaleme aldi hatirlatir misin,YAZAR_SORUSU,KitapPusula-V6,eğitim
bu eser hangi tür hatırlatır mısın,bu eser hangi tur hatirlatir misin,TUR_SORUSU,KitapPusula-V6,eğitim
merak ettim arkanda kim var,merak ettim arkanda kim var,BOT_YARATICI,KitapPusula-Final-özel,eğitim
hadi espri yap,hadi espri yap,SAKA_ISTEGI,KitapPusula-Final-özel,eğitim
işler nasıl KitapPusula,isler nasil kitappusula,NASILSIN,KitapPusula-V6,eğitim
sen bir robot musun,sen bir robot musun,BOT_KIMLIK,KitapPusula-Final-özel,eğitim
az önce kitabın ismini hatırlat hatırlatır mısın,az once kitabin ismini hatirlat hatirlatir misin,KITAP_ADI_SORUSU,KitapPusula-V6,eğitim
gelece salı ayın hangi gününe geliyor,gelece sali ayin hangi gunune geliyor,TARIH_SAAT_SORUSU,MASSIVE-tr-TR,eğitim
1984,1984,KITAP_ARAMA,KitapPusula-V6,eğitim
artık başka zaman devam edelim KitapPusula,artik baska zaman devam edelim kitappusula,VEDA,KitapPusula-Final-özel,eğitim
model hangi sınıflar var söyler misin,model hangi siniflar var soyler misin,KATEGORI_LISTESI,KitapPusula-V6,eğitim
bu kitapta sonunda ne oluyor,bu kitapta sonunda ne oluyor,OLAY_SORUSU,KitapPusula-V6,eğitim
yılın hangi haftası yaz mevsimi başlıyor,yilin hangi haftasi yaz mevsimi basliyor,TARIH_SAAT_SORUSU,MASSIVE-tr-TR,eğitim
artık görüşürüz,artik gorusuruz,VEDA,KitapPusula-Final-özel,eğitim
sınıflandırıcı desteklenen kategoriler neler şu anda,siniflandirici desteklenen kategoriler neler su anda,KATEGORI_LISTESI,KitapPusula-V6,eğitim
ankara için hava durumunu söyler misin,ankara icin hava durumunu soyler misin,HAVA_SORUSU,MASSIVE-tr-TR,eğitim
söyler misin yeteneklerin neler anlatır mısın,soyler misin yeteneklerin neler anlatir misin,BOT_YETENEK,KitapPusula-Final-özel,eğitim
az önceki kitap için daha fazla detay ver,az onceki kitap icin daha fazla detay ver,DETAY_SORUSU,KitapPusula-V6,eğitim
gerçekten cevabın faydalı oldu,gercekten cevabin faydali oldu,TESEKKUR,KitapPusula-Final-özel,eğitim
bugün haber gündeminde ne bulunuyor lütfen,bugun haber gundeminde ne bulunuyor lutfen,HABER_SORUSU,KitapPusula-Final-özel,eğitim
çok teşekkür ederim sana,cok tesekkur ederim sana,TESEKKUR,KitapPusula-Final-özel,eğitim
kaç kitap var söyler misin,kac kitap var soyler misin,KITAP_SAYISI,KitapPusula-V6,eğitim
kendini nasıl hissediyorsun,kendini nasil hissediyorsun,NASILSIN,KitapPusula-V6,eğitim
bu kitap kısaca özetle anlatır mısın,bu kitap kisaca ozetle anlatir misin,OZET_SORUSU,KitapPusula-V6,eğitim
KitapPusula ile yeni tahmin yap lütfen,kitappusula ile yeni tahmin yap lutfen,YENI_KITAP_SINIFLANDIR,KitapPusula-V6,eğitim
cevabın faydalı oldu KitapPusula,cevabin faydali oldu kitappusula,TESEKKUR,KitapPusula-Final-özel,eğitim
lütfen telefon tamirini anlat olur mu,lutfen telefon tamirini anlat olur mu,ALAN_DISI,KitapPusula-Final-özel,eğitim
yorumuna göre kitap okunmaya değer mi kısaca değerlendir,yorumuna gore kitap okunmaya deger mi kisaca degerlendir,SERBEST_KITAP_SORUSU,KitapPusula-V6,eğitim
bana körili tavuk tarifi göster,bana korili tavuk tarifi goster,YEMEK_TARIFI_SORUSU,MASSIVE-tr-TR,eğitim
yorumuna göre bu eserden ne ders çıkarılır,yorumuna gore bu eserden ne ders cikarilir,SERBEST_KITAP_SORUSU,KitapPusula-V6,eğitim
her kitap sende mevcut mu,her kitap sende mevcut mu,HER_KITAP_SORUSU,KitapPusula-V6,eğitim
lütfen İngilizce metni çevir,lutfen ingilizce metni cevir,ALAN_DISI,KitapPusula-Final-özel,eğitim
merhabalar KitapPusula,merhabalar kitappusula,SELAMLAMA,KitapPusula-V6,eğitim
moralin nasıl KitapPusula,moralin nasil kitappusula,NASILSIN,KitapPusula-V6,eğitim
keyfin nasıl bakalım,keyfin nasil bakalim,NASILSIN,KitapPusula-V6,eğitim
KitapPusula istediğim her eseri getirebilir mi gerçekten,kitappusula istedigim her eseri getirebilir mi gercekten,HER_KITAP_SORUSU,KitapPusula-V6,eğitim
bu kitap sayfa sayısı kaç hatırlatır mısın,bu kitap sayfa sayisi kac hatirlatir misin,SAYFA_SORUSU,KitapPusula-V6,eğitim
hemen C sharp kodu üret,hemen c sharp kodu uret,ALAN_DISI,KitapPusula-Final-özel,eğitim
sistemde kaç kayıt tutuluyor söyler misin,sistemde kac kayit tutuluyor soyler misin,KITAP_SAYISI,KitapPusula-V6,eğitim
bana hangi soruları sorabilirim lütfen,bana hangi sorulari sorabilirim lutfen,YARDIM,KitapPusula-V6,eğitim
o zaman kendine iyi bak KitapPusula,o zaman kendine iyi bak kitappusula,VEDA,KitapPusula-Final-özel,eğitim
bu sistem tüm kitaplar sende var mı,bu sistem tum kitaplar sende var mi,HER_KITAP_SORUSU,KitapPusula-V6,eğitim
lütfen espri yap lütfen,lutfen espri yap lutfen,SAKA_ISTEGI,KitapPusula-Final-özel,eğitim
Tutunamayanlar,tutunamayanlar,KITAP_ARAMA,KitapPusula-V6,eğitim
bu eserle ilgili ayrıntılı anlat,bu eserle ilgili ayrintili anlat,DETAY_SORUSU,KitapPusula-V6,eğitim
merhabalar,merhabalar,SELAMLAMA,KitapPusula-V6,eğitim
bu eserin sahibi hangi yazar söyler misin,bu eserin sahibi hangi yazar soyler misin,YAZAR_SORUSU,KitapPusula-V6,eğitim
hepsini tekrar et bir kez daha,hepsini tekrar et bir kez daha,TEKRAR_GOSTER,KitapPusula-V6,eğitim
hadi şaka yap,hadi saka yap,SAKA_ISTEGI,KitapPusula-Final-özel,eğitim
kitap modeli için hangi algoritma kullanıldı ayrıntılı anlat,kitap modeli icin hangi algoritma kullanildi ayrintili anlat,MODEL_BILGISI,KitapPusula-V6,eğitim
ne haber KitapPusula,ne haber kitappusula,NASILSIN,KitapPusula-V6,eğitim
acaba yaşlı mısın şu anda,acaba yasli misin su anda,BOT_YAS,KitapPusula-Final-özel,eğitim
az önce kitabın ismini hatırlat,az once kitabin ismini hatirlat,KITAP_ADI_SORUSU,KitapPusula-V6,eğitim
bu kitap türü ne hatırlatır mısın,bu kitap turu ne hatirlatir misin,TUR_SORUSU,KitapPusula-V6,eğitim
merak ettim bugün dünyada neler oldu lütfen,merak ettim bugun dunyada neler oldu lutfen,HABER_SORUSU,KitapPusula-Final-özel,eğitim
şu anda evin nerede,su anda evin nerede,BOT_KONUM,KitapPusula-Final-özel,eğitim
tekrar merhaba bugün de,tekrar merhaba bugun de,SELAMLAMA,KitapPusula-V6,eğitim
son olarak son dakika gelişmeleri neler söyler misin,son olarak son dakika gelismeleri neler soyler misin,HABER_SORUSU,KitapPusula-Final-özel,eğitim
zaman,zaman,TARIH_SAAT_SORUSU,MASSIVE-tr-TR,eğitim
bugünün manşetleri neler,bugunun mansetleri neler,HABER_SORUSU,MASSIVE-tr-TR,eğitim
selamlar,selamlar,SELAMLAMA,KitapPusula-V6,eğitim
merak ettim özelliklerin neler,merak ettim ozelliklerin neler,BOT_YETENEK,KitapPusula-Final-özel,eğitim
söyler misin hangi sistemsin bana,soyler misin hangi sistemsin bana,BOT_KIMLIK,KitapPusula-Final-özel,eğitim
son olarak gündem nasıl özetler misin,son olarak gundem nasil ozetler misin,HABER_SORUSU,KitapPusula-Final-özel,eğitim
kendine iyi bak KitapPusula,kendine iyi bak kitappusula,VEDA,KitapPusula-Final-özel,eğitim
Gurur ve Önyargı,gurur ve onyargi,KITAP_ARAMA,KitapPusula-V6,eğitim
bugün sıcak,bugun sicak,HAVA_SORUSU,MASSIVE-tr-TR,eğitim
sence verilmek istenen mesaj ne olabilir yorumlar mısın,sence verilmek istenen mesaj ne olabilir yorumlar misin,SERBEST_KITAP_SORUSU,KitapPusula-V6,eğitim
açıklamayı sınıfa ayır başlat,aciklamayi sinifa ayir baslat,YENI_KITAP_SINIFLANDIR,KitapPusula-V6,eğitim
bana kullanım seçeneklerini ver lütfen,bana kullanim seceneklerini ver lutfen,YARDIM,KitapPusula-V6,eğitim
doğrudan sahibin kim,dogrudan sahibin kim,BOT_YARATICI,KitapPusula-Final-özel,eğitim
bu romanda hikâyeyi taşıyan kişi kim söyler misin,bu romanda hik yeyi tasiyan kisi kim soyler misin,KARAKTER_SORUSU,KitapPusula-V6,eğitim
acaba evin nerede lütfen,acaba evin nerede lutfen,BOT_KONUM,KitapPusula-Final-özel,eğitim
verdiğin cevap için minnettarım sana,verdigin cevap icin minnettarim sana,TESEKKUR,KitapPusula-Final-özel,eğitim
bu sistem istediğim her eseri getirebilir mi şu anda,bu sistem istedigim her eseri getirebilir mi su anda,HER_KITAP_SORUSU,KitapPusula-V6,eğitim
söyler misin seni kim kodladı,soyler misin seni kim kodladi,BOT_YARATICI,KitapPusula-Final-özel,eğitim
iki kişilik romantik akşam yemeği için tarif bul,iki kisilik romantik aksam yemegi icin tarif bul,YEMEK_TARIFI_SORUSU,MASSIVE-tr-TR,eğitim
kaç örnekle eğitildi söyler misin,kac ornekle egitildi soyler misin,MODEL_BILGISI,KitapPusula-V6,eğitim
bu yıl on üçüncü cuma hangi gün,bu yil on ucuncu cuma hangi gun,TARIH_SAAT_SORUSU,MASSIVE-tr-TR,eğitim
bu kitap hakkında başka neler biliyorsun,bu kitap hakkinda baska neler biliyorsun,DETAY_SORUSU,KitapPusula-V6,eğitim
doğum tarihin ne şu anda,dogum tarihin ne su anda,BOT_YAS,KitapPusula-Final-özel,eğitim
bu eser neyi konu alıyor anlatır mısın,bu eser neyi konu aliyor anlatir misin,OZET_SORUSU,KitapPusula-V6,eğitim
bu eser okuması uzun sürer mi söyler misin,bu eser okumasi uzun surer mi soyler misin,SAYFA_SORUSU,KitapPusula-V6,eğitim
sınıflandırıcı hangi türleri biliyor,siniflandirici hangi turleri biliyor,KATEGORI_LISTESI,KitapPusula-V6,eğitim
sen bütün kitapları biliyor mu şu anda,sen butun kitaplari biliyor mu su anda,HER_KITAP_SORUSU,KitapPusula-V6,eğitim
yardımın için sağ ol sana,yardimin icin sag ol sana,TESEKKUR,KitapPusula-Final-özel,eğitim
gerçekten çok sağ ol KitapPusula,gercekten cok sag ol kitappusula,TESEKKUR,KitapPusula-Final-özel,eğitim
uçak bileti bul,ucak bileti bul,ALAN_DISI,KitapPusula-Final-özel,eğitim
bu kitapta anlatılan kişi kim hatırlatır mısın,bu kitapta anlatilan kisi kim hatirlatir misin,KARAKTER_SORUSU,KitapPusula-V6,eğitim
şu an ne kadar soğuk,su an ne kadar soguk,HAVA_SORUSU,MASSIVE-tr-TR,eğitim
romanda neden böyle davranıyor anlatır mısın,romanda neden boyle davraniyor anlatir misin,OLAY_SORUSU,KitapPusula-V6,eğitim
neler yapabiliyorsun anlatır mısın,neler yapabiliyorsun anlatir misin,BOT_YETENEK,KitapPusula-Final-özel,eğitim
bu eserle ilgili daha derin bilgi ver lütfen,bu eserle ilgili daha derin bilgi ver lutfen,DETAY_SORUSU,KitapPusula-V6,eğitim
macro f1 kaç ayrıntılı anlat,macro f1 kac ayrintili anlat,MODEL_BILGISI,KitapPusula-V6,eğitim
acaba konumun neresi şu anda,acaba konumun neresi su anda,BOT_KONUM,KitapPusula-Final-özel,eğitim
son kitap hangisiydi hatırlatır mısın,son kitap hangisiydi hatirlatir misin,KITAP_ADI_SORUSU,KitapPusula-V6,eğitim
çok çok sağ ol sana,cok cok sag ol sana,TESEKKUR,KitapPusula-Final-özel,eğitim
kitap modeli için model nasıl çalışıyor,kitap modeli icin model nasil calisiyor,MODEL_BILGISI,KitapPusula-V6,eğitim
şu anda kaç yıllıksın,su anda kac yilliksin,BOT_YAS,KitapPusula-Final-özel,eğitim
hey bugün de,hey bugun de,SELAMLAMA,KitapPusula-V6,eğitim
bu eser sayfa sayısı kaç söyler misin,bu eser sayfa sayisi kac soyler misin,SAYFA_SORUSU,KitapPusula-V6,eğitim
bu kitap hakkında daha derin bilgi ver lütfen,bu kitap hakkinda daha derin bilgi ver lutfen,DETAY_SORUSU,KitapPusula-V6,eğitim
iyi tako tarifi nasıl olur,iyi tako tarifi nasil olur,YEMEK_TARIFI_SORUSU,MASSIVE-tr-TR,eğitim
nereden başlamalıyım,nereden baslamaliyim,YARDIM,KitapPusula-V6,eğitim
kategori listesini ver şu anda,kategori listesini ver su anda,KATEGORI_LISTESI,KitapPusula-V6,eğitim
bu uygulamayı yapan kim lütfen,bu uygulamayi yapan kim lutfen,BOT_YARATICI,KitapPusula-Final-özel,eğitim
Define Adası,define adasi,KITAP_ARAMA,KitapPusula-V6,eğitim
romanda başına neler geliyor,romanda basina neler geliyor,OLAY_SORUSU,KitapPusula-V6,eğitim
açıklar mısın adın ne lütfen,aciklar misin adin ne lutfen,BOT_KIMLIK,KitapPusula-Final-özel,eğitim
bu eser kaç sayfa,bu eser kac sayfa,SAYFA_SORUSU,KitapPusula-V6,eğitim
şu anda ülke gündeminde neler var özetler misin,su anda ulke gundeminde neler var ozetler misin,HABER_SORUSU,KitapPusula-Final-özel,eğitim
şu an aklıma bir konu geldi biraz,su an aklima bir konu geldi biraz,GENEL_SOHBET,KitapPusula-Final-özel,eğitim
Cesur Yeni Dünya,cesur yeni dunya,KITAP_ARAMA,KitapPusula-V6,eğitim
özetle,ozetle,OZET_SORUSU,KitapPusula-V6,eğitim
bu romanda ana karakter kim,bu romanda ana karakter kim,KARAKTER_SORUSU,KitapPusula-V6,eğitim
açıkçası sana bir şey anlatacağım,acikcasi sana bir sey anlatacagim,GENEL_SOHBET,KitapPusula-Final-özel,eğitim
yerel veri tabanında kitap sayısı kaç,yerel veri tabaninda kitap sayisi kac,KITAP_SAYISI,KitapPusula-V6,eğitim
sen tüm kitaplar sende var mı gerçekten,sen tum kitaplar sende var mi gercekten,HER_KITAP_SORUSU,KitapPusula-V6,eğitim
bu eserle ilgili ayrıntılı anlat mümkünse,bu eserle ilgili ayrintili anlat mumkunse,DETAY_SORUSU,KitapPusula-V6,eğitim
model nasıl çalışıyor söyler misin,model nasil calisiyor soyler misin,MODEL_BILGISI,KitapPusula-V6,eğitim
bu kitapta öne çıkan karakter kim söyler misin,bu kitapta one cikan karakter kim soyler misin,KARAKTER_SORUSU,KitapPusula-V6,eğitim
iyi günler bugün de,iyi gunler bugun de,SELAMLAMA,KitapPusula-V6,eğitim
bir tane komik bir şey söyle olur mu,bir tane komik bir sey soyle olur mu,SAKA_ISTEGI,KitapPusula-Final-özel,eğitim
açıklar mısın sen bir robot musun bana,aciklar misin sen bir robot musun bana,BOT_KIMLIK,KitapPusula-Final-özel,eğitim
söyler misin sahibin kim bana,soyler misin sahibin kim bana,BOT_YARATICI,KitapPusula-Final-özel,eğitim
sanırım burada vakit geçirmek hoşuma gidiyor aslında,sanirim burada vakit gecirmek hosuma gidiyor aslinda,GENEL_SOHBET,KitapPusula-Final-özel,eğitim
çok çok yardımcı oldun,cok cok yardimci oldun,TESEKKUR,KitapPusula-Final-özel,eğitim
iyi misin KitapPusula,iyi misin kitappusula,NASILSIN,KitapPusula-V6,eğitim
nereden başlamalıyım anlatır mısın,nereden baslamaliyim anlatir misin,YARDIM,KitapPusula-V6,eğitim
bu kitapta baş karakter kimdir söyler misin,bu kitapta bas karakter kimdir soyler misin,KARAKTER_SORUSU,KitapPusula-V6,eğitim
bu kitabın müellifi kim hatırlatır mısın,bu kitabin muellifi kim hatirlatir misin,YAZAR_SORUSU,KitapPusula-V6,eğitim
özelliklerini anlat,ozelliklerini anlat,YARDIM,KitapPusula-V6,eğitim
tekrar merhaba KitapPusula,tekrar merhaba kitappusula,SELAMLAMA,KitapPusula-V6,eğitim
tam bilgiyi getir bir kez daha,tam bilgiyi getir bir kez daha,TEKRAR_GOSTER,KitapPusula-V6,eğitim
çok teşekkürler sana,cok tesekkurler sana,TESEKKUR,KitapPusula-Final-özel,eğitim
bugün ne haber bakalım,bugun ne haber bakalim,NASILSIN,KitapPusula-V6,eğitim
Bülbülü Öldürmek,bulbulu oldurmek,KITAP_ARAMA,KitapPusula-V6,eğitim
verdiğin cevap için çok yardımcı oldun,verdigin cevap icin cok yardimci oldun,TESEKKUR,KitapPusula-Final-özel,eğitim
haber sağlayıcısındaki bugünkü haberler neydi,haber saglayicisindaki bugunku haberler neydi,HABER_SORUSU,MASSIVE-tr-TR,eğitim
söyler misin genç misin lütfen,soyler misin genc misin lutfen,BOT_YAS,KitapPusula-Final-özel,eğitim
haberlerde ne var lütfen,haberlerde ne var lutfen,HABER_SORUSU,KitapPusula-Final-özel,eğitim
kısaca kullanım seçeneklerini ver,kisaca kullanim seceneklerini ver,YARDIM,KitapPusula-V6,eğitim
bu eser içeriğinden bahset lütfen,bu eser iceriginden bahset lutfen,OZET_SORUSU,KitapPusula-V6,eğitim
merak ettim seni kim geliştirdi,merak ettim seni kim gelistirdi,BOT_YARATICI,KitapPusula-Final-özel,eğitim
biraz önce son kitap hangisiydi,biraz once son kitap hangisiydi,KITAP_ADI_SORUSU,KitapPusula-V6,eğitim
hangi ortamda çalışıyorsun,hangi ortamda calisiyorsun,BOT_KONUM,KitapPusula-Final-özel,eğitim
bu kitabın kim tarafından yazıldı hatırlatır mısın,bu kitabin kim tarafindan yazildi hatirlatir misin,YAZAR_SORUSU,KitapPusula-V6,eğitim
kaç yaşındasın lütfen,kac yasindasin lutfen,BOT_YAS,KitapPusula-Final-özel,eğitim
Yabancı,yabanci,KITAP_ARAMA,KitapPusula-V6,eğitim
model bilgilerini göster,model bilgilerini goster,MODEL_BILGISI,KitapPusula-V6,eğitim
buharlaştırılmış,buharlastirilmis,YEMEK_TARIFI_SORUSU,MASSIVE-tr-TR,eğitim
bu eser kategorisi ne,bu eser kategorisi ne,TUR_SORUSU,KitapPusula-V6,eğitim
Bir İdam Mahkumunun Son Günü,bir idam mahkumunun son gunu,KITAP_ARAMA,KitapPusula-V6,eğitim
hangi algoritma kullanıldı söyler misin,hangi algoritma kullanildi soyler misin,MODEL_BILGISI,KitapPusula-V6,eğitim
bu eser sayfa sayısı kaç,bu eser sayfa sayisi kac,SAYFA_SORUSU,KitapPusula-V6,eğitim
yerel veri tabanında kaç kitap var,yerel veri tabaninda kac kitap var,KITAP_SAYISI,KitapPusula-V6,eğitim
bu kitapta olaylar nasıl gelişiyor kısaca söyler misin,bu kitapta olaylar nasil gelisiyor kisaca soyler misin,OLAY_SORUSU,KitapPusula-V6,eğitim
doğrudan seni kim yaptı lütfen,dogrudan seni kim yapti lutfen,BOT_YARATICI,KitapPusula-Final-özel,eğitim
model kaç tür tanıyor,model kac tur taniyor,KATEGORI_LISTESI,KitapPusula-V6,eğitim
nasıl tavuklu makarna pişiririm,nasil tavuklu makarna pisiririm,YEMEK_TARIFI_SORUSU,MASSIVE-tr-TR,eğitim
bu eser hikâyesi ne lütfen,bu eser hik yesi ne lutfen,OZET_SORUSU,KitapPusula-V6,eğitim
KitapPusula ile bilinmeyen kitabın türünü belirle,kitappusula ile bilinmeyen kitabin turunu belirle,YENI_KITAP_SINIFLANDIR,KitapPusula-V6,eğitim
isviçre de saat kaç,isvicre de saat kac,TARIH_SAAT_SORUSU,MASSIVE-tr-TR,eğitim
hemen alışveriş listesi oluştur,hemen alisveris listesi olustur,ALAN_DISI,KitapPusula-Final-özel,eğitim
geliştiricin kim,gelistiricin kim,BOT_YARATICI,KitapPusula-Final-özel,eğitim
günün ne olduğunu biliyor musun,gunun ne oldugunu biliyor musun,TARIH_SAAT_SORUSU,MASSIVE-tr-TR,eğitim
bu kitabın hangi yazar yazdı söyler misin,bu kitabin hangi yazar yazdi soyler misin,YAZAR_SORUSU,KitapPusula-V6,eğitim
hangi kitabı konuşuyoruz hatırlatır mısın,hangi kitabi konusuyoruz hatirlatir misin,KITAP_ADI_SORUSU,KitapPusula-V6,eğitim
söyler misin doğum tarihin ne,soyler misin dogum tarihin ne,BOT_YAS,KitapPusula-Final-özel,eğitim
hangi algoritma kullanıldı,hangi algoritma kullanildi,MODEL_BILGISI,KitapPusula-V6,eğitim
ismin nedir bana,ismin nedir bana,BOT_KIMLIK,KitapPusula-Final-özel,eğitim
bazen biraz sohbet etmek istiyorum şimdi,bazen biraz sohbet etmek istiyorum simdi,GENEL_SOHBET,KitapPusula-Final-özel,eğitim
yerel veri tabanında kaç kayıt tutuluyor,yerel veri tabaninda kac kayit tutuluyor,KITAP_SAYISI,KitapPusula-V6,eğitim
modelle etiketsiz kitabın kategorisini bul başlat,modelle etiketsiz kitabin kategorisini bul baslat,YENI_KITAP_SINIFLANDIR,KitapPusula-V6,eğitim
sen dünyadaki tüm eserleri tanıyor mu gerçekten,sen dunyadaki tum eserleri taniyor mu gercekten,HER_KITAP_SORUSU,KitapPusula-V6,eğitim
bu karakter kimmiş,bu karakter kimmis,KARAKTER_SORUSU,KitapPusula-V6,eğitim
hamsi nasıl pişirilir,hamsi nasil pisirilir,YEMEK_TARIFI_SORUSU,MASSIVE-tr-TR,eğitim
sence sonun anlamı ne olabilir,sence sonun anlami ne olabilir,SERBEST_KITAP_SORUSU,KitapPusula-V6,eğitim
Monte Kristo Kontu,monte kristo kontu,KITAP_ARAMA,KitapPusula-V6,eğitim
yardımın için yardımın işime yaradı sana,yardimin icin yardimin isime yaradi sana,TESEKKUR,KitapPusula-Final-özel,eğitim
kaç sayfaydı,kac sayfaydi,SAYFA_SORUSU,KitapPusula-V6,eğitim
şu anda bugün dünyada neler oldu özetler misin,su anda bugun dunyada neler oldu ozetler misin,HABER_SORUSU,KitapPusula-Final-özel,eğitim
kitap bilgisini yinele lütfen,kitap bilgisini yinele lutfen,TEKRAR_GOSTER,KitapPusula-V6,eğitim
desteklenen kategoriler neler söyler misin,desteklenen kategoriler neler soyler misin,KATEGORI_LISTESI,KitapPusula-V6,eğitim
tam bilgiyi getir,tam bilgiyi getir,TEKRAR_GOSTER,KitapPusula-V6,eğitim
bu romanda hangi karakterler var hatırlatır mısın,bu romanda hangi karakterler var hatirlatir misin,KARAKTER_SORUSU,KitapPusula-V6,eğitim
merak ettim seni kim yaptı lütfen,merak ettim seni kim yapti lutfen,BOT_YARATICI,KitapPusula-Final-özel,eğitim
şu anda bir adresin var mı,su anda bir adresin var mi,BOT_KONUM,KitapPusula-Final-özel,eğitim
saati kontrol edebilir misin,saati kontrol edebilir misin,TARIH_SAAT_SORUSU,MASSIVE-tr-TR,eğitim
kısaca özelliklerin neler lütfen,kisaca ozelliklerin neler lutfen,BOT_YETENEK,KitapPusula-Final-özel,eğitim
KitapPusula ile yeni kitap sınıflandır başlat,kitappusula ile yeni kitap siniflandir baslat,YENI_KITAP_SINIFLANDIR,KitapPusula-V6,eğitim
bilgileri tekrar ver,bilgileri tekrar ver,TEKRAR_GOSTER,KitapPusula-V6,eğitim
bu kitap sayfa sayısı kaç söyler misin,bu kitap sayfa sayisi kac soyler misin,SAYFA_SORUSU,KitapPusula-V6,eğitim
fotoğraf düzenle istiyorum,fotograf duzenle istiyorum,ALAN_DISI,KitapPusula-Final-özel,eğitim
sence ana fikir nasıl yorumlanabilir kısaca değerlendir,sence ana fikir nasil yorumlanabilir kisaca degerlendir,SERBEST_KITAP_SORUSU,KitapPusula-V6,eğitim
merak ettim senden ne isteyebilirim,merak ettim senden ne isteyebilirim,BOT_YETENEK,KitapPusula-Final-özel,eğitim
bu eserle ilgili konuyu daha geniş açıkla mümkünse,bu eserle ilgili konuyu daha genis acikla mumkunse,DETAY_SORUSU,KitapPusula-V6,eğitim
olly cumartesi hava nasıl olacak,olly cumartesi hava nasil olacak,HAVA_SORUSU,MASSIVE-tr-TR,eğitim
modelle kitap açıklamasından tür tahmin et başlat,modelle kitap aciklamasindan tur tahmin et baslat,YENI_KITAP_SINIFLANDIR,KitapPusula-V6,eğitim
az önce son kitap hangisiydi,az once son kitap hangisiydi,KITAP_ADI_SORUSU,KitapPusula-V6,eğitim
bu akşam ılıman bir akşam mı olacak,bu aksam iliman bir aksam mi olacak,HAVA_SORUSU,MASSIVE-tr-TR,eğitim
kitabın ismini hatırlat söyler misin,kitabin ismini hatirlat soyler misin,KITAP_ADI_SORUSU,KitapPusula-V6,eğitim
selamlar orada mısın,selamlar orada misin,SELAMLAMA,KitapPusula-V6,eğitim
bu kitap kısa özetini ver lütfen,bu kitap kisa ozetini ver lutfen,OZET_SORUSU,KitapPusula-V6,eğitim
az önceki kitap hangi tür,az onceki kitap hangi tur,TUR_SORUSU,KitapPusula-V6,eğitim
çok teşekkür ederim KitapPusula,cok tesekkur ederim kitappusula,TESEKKUR,KitapPusula-Final-özel,eğitim
bu kitapta merkezdeki kişi kim söyler misin,bu kitapta merkezdeki kisi kim soyler misin,KARAKTER_SORUSU,KitapPusula-V6,eğitim
açıkçası aklıma bir konu geldi biraz,acikcasi aklima bir konu geldi biraz,GENEL_SOHBET,KitapPusula-Final-özel,eğitim
Dune,dune,KITAP_ARAMA,KitapPusula-V6,eğitim
bu eserin yazarı kim hatırlatır mısın,bu eserin yazari kim hatirlatir misin,YAZAR_SORUSU,KitapPusula-V6,eğitim
yorumuna göre ana fikir nasıl yorumlanabilir kısaca değerlendir,yorumuna gore ana fikir nasil yorumlanabilir kisaca degerlendir,SERBEST_KITAP_SORUSU,KitapPusula-V6,eğitim
acaba doğum tarihin ne şu anda,acaba dogum tarihin ne su anda,BOT_YAS,KitapPusula-Final-özel,eğitim
şu an çin'de saat kaç,su an cin de saat kac,TARIH_SAAT_SORUSU,MASSIVE-tr-TR,eğitim
az önceki kitap için detayları yeniden göster,az onceki kitap icin detaylari yeniden goster,TEKRAR_GOSTER,KitapPusula-V6,eğitim
fotoğraf düzenle,fotograf duzenle,ALAN_DISI,KitapPusula-Final-özel,eğitim
bu eser uzun bir kitap mı hatırlatır mısın,bu eser uzun bir kitap mi hatirlatir misin,SAYFA_SORUSU,KitapPusula-V6,eğitim
sınıflandırıcı edebî kategorileri göster söyler misin,siniflandirici edeb kategorileri goster soyler misin,KATEGORI_LISTESI,KitapPusula-V6,eğitim
söyler misin nasıl bir asistansın lütfen,soyler misin nasil bir asistansin lutfen,BOT_KIMLIK,KitapPusula-Final-özel,eğitim
kısaca hangi görevleri yaparsın anlatır mısın,kisaca hangi gorevleri yaparsin anlatir misin,BOT_YETENEK,KitapPusula-Final-özel,eğitim
bu romanda anlatılan kişi kim,bu romanda anlatilan kisi kim,KARAKTER_SORUSU,KitapPusula-V6,eğitim
acaba nerelisin,acaba nerelisin,BOT_KONUM,KitapPusula-Final-özel,eğitim
bana bu ayın üçüncü haftasında pazartesinin tarihini ver,bana bu ayin ucuncu haftasinda pazartesinin tarihini ver,TARIH_SAAT_SORUSU,MASSIVE-tr-TR,eğitim
bu eser konusu ne anlatır mısın,bu eser konusu ne anlatir misin,OZET_SORUSU,KitapPusula-V6,eğitim
bugün işler nasıl KitapPusula,bugun isler nasil kitappusula,NASILSIN,KitapPusula-V6,eğitim
olly balık çorbası yapmaya nasıl başlarım,olly balik corbasi yapmaya nasil baslarim,YEMEK_TARIFI_SORUSU,MASSIVE-tr-TR,eğitim
romanda olaylar nasıl gelişiyor,romanda olaylar nasil gelisiyor,OLAY_SORUSU,KitapPusula-V6,eğitim
sınıflandırıcı hangi sınıflar var söyler misin,siniflandirici hangi siniflar var soyler misin,KATEGORI_LISTESI,KitapPusula-V6,eğitim
artık kendine iyi bak,artik kendine iyi bak,VEDA,KitapPusula-Final-özel,eğitim
lütfen tam bilgiyi getir bir kez daha,lutfen tam bilgiyi getir bir kez daha,TEKRAR_GOSTER,KitapPusula-V6,eğitim
yerel veri tabanında ne kadar kitap biliyorsun söyler misin,yerel veri tabaninda ne kadar kitap biliyorsun soyler misin,KITAP_SAYISI,KitapPusula-V6,eğitim
sen veri setinde olmayan kitabı bulabilir mi gerçekten,sen veri setinde olmayan kitabi bulabilir mi gercekten,HER_KITAP_SORUSU,KitapPusula-V6,eğitim
tavuk şiş tarifi göster,tavuk sis tarifi goster,YEMEK_TARIFI_SORUSU,MASSIVE-tr-TR,eğitim
sen bir robot musun bana,sen bir robot musun bana,BOT_KIMLIK,KitapPusula-Final-özel,eğitim
bu kitapta hangi karakterler var söyler misin,bu kitapta hangi karakterler var soyler misin,KARAKTER_SORUSU,KitapPusula-V6,eğitim
elinde kaç kitap var,elinde kac kitap var,KITAP_SAYISI,KitapPusula-V6,eğitim
bugün yanıma palto almalı mıyım,bugun yanima palto almali miyim,HAVA_SORUSU,MASSIVE-tr-TR,eğitim
kitap modeli için performans metrikleri ne söyler misin,kitap modeli icin performans metrikleri ne soyler misin,MODEL_BILGISI,KitapPusula-V6,eğitim
kısaca yardım et lütfen,kisaca yardim et lutfen,YARDIM,KitapPusula-V6,eğitim
kitabın uzunluğu nedir,kitabin uzunlugu nedir,SAYFA_SORUSU,KitapPusula-V6,eğitim
bu eserin sahibi hangi yazar hatırlatır mısın,bu eserin sahibi hangi yazar hatirlatir misin,YAZAR_SORUSU,KitapPusula-V6,eğitim
bana ankara daki saati söyle,bana ankara daki saati soyle,TARIH_SAAT_SORUSU,MASSIVE-tr-TR,eğitim
kısaca nasıl bir asistansın bana,kisaca nasil bir asistansin bana,BOT_KIMLIK,KitapPusula-Final-özel,eğitim
niyet modeli için performans metrikleri ne,niyet modeli icin performans metrikleri ne,MODEL_BILGISI,KitapPusula-V6,eğitim
bu kitapta kahraman neden yola çıkıyor anlatır mısın,bu kitapta kahraman neden yola cikiyor anlatir misin,OLAY_SORUSU,KitapPusula-V6,eğitim
bu romanda merkezdeki kişi kim,bu romanda merkezdeki kisi kim,KARAKTER_SORUSU,KitapPusula-V6,eğitim
sistemde kaç kayıt tutuluyor,sistemde kac kayit tutuluyor,KITAP_SAYISI,KitapPusula-V6,eğitim
bu kitapta kahraman neden yola çıkıyor,bu kitapta kahraman neden yola cikiyor,OLAY_SORUSU,KitapPusula-V6,eğitim
kullanım seçeneklerini ver lütfen,kullanim seceneklerini ver lutfen,YARDIM,KitapPusula-V6,eğitim
hadi komik bir şey söyle olur mu,hadi komik bir sey soyle olur mu,SAKA_ISTEGI,KitapPusula-Final-özel,eğitim
açıklar mısın karşımda kim var,aciklar misin karsimda kim var,BOT_KIMLIK,KitapPusula-Final-özel,eğitim
şimdilik kendine iyi bak KitapPusula,simdilik kendine iyi bak kitappusula,VEDA,KitapPusula-Final-özel,eğitim
hadi şaka yap olur mu,hadi saka yap olur mu,SAKA_ISTEGI,KitapPusula-Final-özel,eğitim
yorumuna göre eserin duygusu nasıl yorumlar mısın,yorumuna gore eserin duygusu nasil yorumlar misin,SERBEST_KITAP_SORUSU,KitapPusula-V6,eğitim
yardım,yardim,YARDIM,KitapPusula-V6,eğitim
doğrudan seni kim yaptı bana,dogrudan seni kim yapti bana,BOT_YARATICI,KitapPusula-Final-özel,eğitim
acaba evin nerede şu anda,acaba evin nerede su anda,BOT_KONUM,KitapPusula-Final-özel,eğitim
az önceki kitap hacmi ne kadar,az onceki kitap hacmi ne kadar,SAYFA_SORUSU,KitapPusula-V6,eğitim
bu romanda merkezdeki kişi kim hatırlatır mısın,bu romanda merkezdeki kisi kim hatirlatir misin,KARAKTER_SORUSU,KitapPusula-V6,eğitim
kısaca ne yapabilirsin lütfen,kisaca ne yapabilirsin lutfen,BOT_YETENEK,KitapPusula-Final-özel,eğitim
söyler misin geliştiricin kim bana,soyler misin gelistiricin kim bana,BOT_YARATICI,KitapPusula-Final-özel,eğitim
az önceki kitap için kitap kartını aç,az onceki kitap icin kitap kartini ac,TEKRAR_GOSTER,KitapPusula-V6,eğitim
kaç örnekle eğitildi ayrıntılı anlat,kac ornekle egitildi ayrintili anlat,MODEL_BILGISI,KitapPusula-V6,eğitim
az önceki kitap kısaca özetle,az onceki kitap kisaca ozetle,OZET_SORUSU,KitapPusula-V6,eğitim
merak ettim yaratıcın kim,merak ettim yaraticin kim,BOT_YARATICI,KitapPusula-Final-özel,eğitim
sence kitap okunmaya değer mi kısaca değerlendir,sence kitap okunmaya deger mi kisaca degerlendir,SERBEST_KITAP_SORUSU,KitapPusula-V6,eğitim
teşekkür ederim sana,tesekkur ederim sana,TESEKKUR,KitapPusula-Final-özel,eğitim
bu eser kısaca özetle,bu eser kisaca ozetle,OZET_SORUSU,KitapPusula-V6,eğitim
hangi kitabı konuşuyoruz söyler misin,hangi kitabi konusuyoruz soyler misin,KITAP_ADI_SORUSU,KitapPusula-V6,eğitim
kategori bilgisini ver,kategori bilgisini ver,TUR_SORUSU,KitapPusula-V6,eğitim
kısaca bana nasıl yardım edersin anlatır mısın,kisaca bana nasil yardim edersin anlatir misin,BOT_YETENEK,KitapPusula-Final-özel,eğitim
katı yumurta için kaç dakika kaynatmam gerek,kati yumurta icin kac dakika kaynatmam gerek,YEMEK_TARIFI_SORUSU,MASSIVE-tr-TR,eğitim
bu sistem bütün kitapları biliyor mu şu anda,bu sistem butun kitaplari biliyor mu su anda,HER_KITAP_SORUSU,KitapPusula-V6,eğitim
aynı özeti değil daha ayrıntılı anlat,ayni ozeti degil daha ayrintili anlat,DETAY_SORUSU,KitapPusula-V6,eğitim
bugünün ilerleyen saatlerinde yağmur yağacak mı,bugunun ilerleyen saatlerinde yagmur yagacak mi,HAVA_SORUSU,MASSIVE-tr-TR,eğitim
bir fincana kaç çay kaşığı,bir fincana kac cay kasigi,YEMEK_TARIFI_SORUSU,MASSIVE-tr-TR,eğitim
bu kitapta kahramanın adı ne,bu kitapta kahramanin adi ne,KARAKTER_SORUSU,KitapPusula-V6,eğitim
özelliklerini anlat anlatır mısın,ozelliklerini anlat anlatir misin,YARDIM,KitapPusula-V6,eğitim
verdiğin cevap için çok sağ ol KitapPusula,verdigin cevap icin cok sag ol kitappusula,TESEKKUR,KitapPusula-Final-özel,eğitim
bu haftanın hava durumu tahmini,bu haftanin hava durumu tahmini,HAVA_SORUSU,MASSIVE-tr-TR,eğitim
şükran günü hangi gün,sukran gunu hangi gun,TARIH_SAAT_SORUSU,MASSIVE-tr-TR,eğitim
söyler misin nerede yaşıyorsun lütfen,soyler misin nerede yasiyorsun lutfen,BOT_KONUM,KitapPusula-Final-özel,eğitim
söyler misin bir yaşın var mı lütfen,soyler misin bir yasin var mi lutfen,BOT_YAS,KitapPusula-Final-özel,eğitim
bu romanda öne çıkan karakter kim söyler misin,bu romanda one cikan karakter kim soyler misin,KARAKTER_SORUSU,KitapPusula-V6,eğitim
yeniden selam bugün de,yeniden selam bugun de,SELAMLAMA,KitapPusula-V6,eğitim
az önce hangi kitabı konuşuyoruz hatırlatır mısın,az once hangi kitabi konusuyoruz hatirlatir misin,KITAP_ADI_SORUSU,KitapPusula-V6,eğitim
bana kadın cinayetlerini protesto ile ilgili son güncellemeleri ver,bana kadin cinayetlerini protesto ile ilgili son guncellemeleri ver,HABER_SORUSU,MASSIVE-tr-TR,eğitim
söyler misin bana nasıl yardım edersin anlatır mısın,soyler misin bana nasil yardim edersin anlatir misin,BOT_YETENEK,KitapPusula-Final-özel,eğitim
buzlu turtayı ne kadar soğutayım,buzlu turtayi ne kadar sogutayim,YEMEK_TARIFI_SORUSU,MASSIVE-tr-TR,eğitim
bana nereden başlamalıyım anlatır mısın,bana nereden baslamaliyim anlatir misin,YARDIM,KitapPusula-V6,eğitim
kısaca yeteneklerin neler,kisaca yeteneklerin neler,BOT_YETENEK,KitapPusula-Final-özel,eğitim
iyi akşamlar,iyi aksamlar,SELAMLAMA,KitapPusula-V6,eğitim
sence kitap hakkında ne düşünüyorsun,sence kitap hakkinda ne dusunuyorsun,SERBEST_KITAP_SORUSU,KitapPusula-V6,eğitim
İki Şehrin Hikayesi,iki sehrin hikayesi,KITAP_ARAMA,KitapPusula-V6,eğitim
şu anda gündem nasıl,su anda gundem nasil,HABER_SORUSU,KitapPusula-Final-özel,eğitim
romanda neden böyle davranıyor kısaca söyler misin,romanda neden boyle davraniyor kisaca soyler misin,OLAY_SORUSU,KitapPusula-V6,eğitim
bu kitap roman mı hikâye mi hatırlatır mısın,bu kitap roman mi hik ye mi hatirlatir misin,TUR_SORUSU,KitapPusula-V6,eğitim
iyi yemek,iyi yemek,YEMEK_TARIFI_SORUSU,MASSIVE-tr-TR,eğitim
şu anda yaşlı mısın lütfen,su anda yasli misin lutfen,BOT_YAS,KitapPusula-Final-özel,eğitim
yardımın için sağ ol KitapPusula,yardimin icin sag ol kitappusula,TESEKKUR,KitapPusula-Final-özel,eğitim
hangi sistemsin lütfen,hangi sistemsin lutfen,BOT_KIMLIK,KitapPusula-Final-özel,eğitim
bazen sana bir şey anlatacağım aslında,bazen sana bir sey anlatacagim aslinda,GENEL_SOHBET,KitapPusula-Final-özel,eğitim
kitap modeli için kaç örnekle eğitildi ayrıntılı anlat,kitap modeli icin kac ornekle egitildi ayrintili anlat,MODEL_BILGISI,KitapPusula-V6,eğitim
kaç kayıt tutuluyor şu anda,kac kayit tutuluyor su anda,KITAP_SAYISI,KitapPusula-V6,eğitim
komik bir cevap ver,komik bir cevap ver,SAKA_ISTEGI,KitapPusula-Final-özel,eğitim
Saatleri Ayarlama Enstitüsü,saatleri ayarlama enstitusu,KITAP_ARAMA,KitapPusula-V6,eğitim
bir tane espri yap olur mu,bir tane espri yap olur mu,SAKA_ISTEGI,KitapPusula-Final-özel,eğitim
bu haftanın hava durumunu söyle,bu haftanin hava durumunu soyle,HAVA_SORUSU,MASSIVE-tr-TR,eğitim
merak ettim ne zamandır varsın,merak ettim ne zamandir varsin,BOT_YAS,KitapPusula-Final-özel,eğitim
yorumuna göre kitap hakkında ne düşünüyorsun yorumlar mısın,yorumuna gore kitap hakkinda ne dusunuyorsun yorumlar misin,SERBEST_KITAP_SORUSU,KitapPusula-V6,eğitim
yeni kitap sınıflandır başlat,yeni kitap siniflandir baslat,YENI_KITAP_SINIFLANDIR,KitapPusula-V6,eğitim
bana ne yapabiliyorsun lütfen,bana ne yapabiliyorsun lutfen,YARDIM,KitapPusula-V6,eğitim
pasifik zaman dilimine göre şu anda saat kaç,pasifik zaman dilimine gore su anda saat kac,TARIH_SAAT_SORUSU,MASSIVE-tr-TR,eğitim
şu anda hangi ülkedesin,su anda hangi ulkedesin,BOT_KONUM,KitapPusula-Final-özel,eğitim
bana özelliklerini anlat anlatır mısın,bana ozelliklerini anlat anlatir misin,YARDIM,KitapPusula-V6,eğitim
az önceki kitap hangi edebî sınıfa giriyor,az onceki kitap hangi edeb sinifa giriyor,TUR_SORUSU,KitapPusula-V6,eğitim
makarna nasıl yapılır,makarna nasil yapilir,YEMEK_TARIFI_SORUSU,MASSIVE-tr-TR,eğitim
yeni tahmin yap başlat,yeni tahmin yap baslat,YENI_KITAP_SINIFLANDIR,KitapPusula-V6,eğitim
Hobbit,hobbit,KITAP_ARAMA,KitapPusula-V6,eğitim
dört peynirli omlet için yemek nokta kom dan en yüksek oyu almış bir tarif bul,dort peynirli omlet icin yemek nokta kom dan en yuksek oyu almis bir tarif bul,YEMEK_TARIFI_SORUSU,MASSIVE-tr-TR,eğitim
Madame Bovary,madame bovary,KITAP_ARAMA,KitapPusula-V6,eğitim
yeteneklerin neler lütfen,yeteneklerin neler lutfen,BOT_YETENEK,KitapPusula-Final-özel,eğitim
şu anda nerede bulunuyorsun,su anda nerede bulunuyorsun,BOT_KONUM,KitapPusula-Final-özel,eğitim
lütfen espri yap olur mu,lutfen espri yap olur mu,SAKA_ISTEGI,KitapPusula-Final-özel,eğitim
bu kitapta başkahraman kim hatırlatır mısın,bu kitapta baskahraman kim hatirlatir misin,KARAKTER_SORUSU,KitapPusula-V6,eğitim
bu eserle ilgili başka neler biliyorsun,bu eserle ilgili baska neler biliyorsun,DETAY_SORUSU,KitapPusula-V6,eğitim
kahvaltı öğlen yemeği akşam yemeği için yemek türü seç,kahvalti oglen yemegi aksam yemegi icin yemek turu sec,YEMEK_TARIFI_SORUSU,MASSIVE-tr-TR,eğitim
bu romanda baş karakter kimdir söyler misin,bu romanda bas karakter kimdir soyler misin,KARAKTER_SORUSU,KitapPusula-V6,eğitim
az önceki kitap ana konusu nedir,az onceki kitap ana konusu nedir,OZET_SORUSU,KitapPusula-V6,eğitim
bursa'da hava nasıl,bursa da hava nasil,HAVA_SORUSU,MASSIVE-tr-TR,eğitim
az önce seçtiğimiz kitabın adı ne söyler misin,az once sectigimiz kitabin adi ne soyler misin,KITAP_ADI_SORUSU,KitapPusula-V6,eğitim
hukuki tavsiye ver istiyorum,hukuki tavsiye ver istiyorum,ALAN_DISI,KitapPusula-Final-özel,eğitim
seni kim geliştirdi,seni kim gelistirdi,BOT_YARATICI,KitapPusula-Final-özel,eğitim
bu kitap hangi tür hatırlatır mısın,bu kitap hangi tur hatirlatir misin,TUR_SORUSU,KitapPusula-V6,eğitim
bu kitap kaç sayfalık,bu kitap kac sayfalik,SAYFA_SORUSU,KitapPusula-V6,eğitim
kitabın adı neydi hatırlatır mısın,kitabin adi neydi hatirlatir misin,KITAP_ADI_SORUSU,KitapPusula-V6,eğitim
lütfen yazar tür sayfa ve özeti söyle,lutfen yazar tur sayfa ve ozeti soyle,TEKRAR_GOSTER,KitapPusula-V6,eğitim
lütfen kitap kartını aç bir kez daha,lutfen kitap kartini ac bir kez daha,TEKRAR_GOSTER,KitapPusula-V6,eğitim
bazen konuşacak çok şey var biraz,bazen konusacak cok sey var biraz,GENEL_SOHBET,KitapPusula-Final-özel,eğitim
bu kitapta merkezdeki kişi kim hatırlatır mısın,bu kitapta merkezdeki kisi kim hatirlatir misin,KARAKTER_SORUSU,KitapPusula-V6,eğitim
yazar tür sayfa ve özeti söyle lütfen,yazar tur sayfa ve ozeti soyle lutfen,TEKRAR_GOSTER,KitapPusula-V6,eğitim
bugünün tarihi ne,bugunun tarihi ne,TARIH_SAAT_SORUSU,MASSIVE-tr-TR,eğitim
romanda hangi maceralar yaşanıyor,romanda hangi maceralar yasaniyor,OLAY_SORUSU,KitapPusula-V6,eğitim
bu kitabın kim tarafından yazıldı,bu kitabin kim tarafindan yazildi,YAZAR_SORUSU,KitapPusula-V6,eğitim
yeteneklerin neler,yeteneklerin neler,BOT_YETENEK,KitapPusula-Final-özel,eğitim
bana bir program kodla olur mu,bana bir program kodla olur mu,ALAN_DISI,KitapPusula-Final-özel,eğitim
şu an bir şeyler paylaşmak istiyorum aslında,su an bir seyler paylasmak istiyorum aslinda,GENEL_SOHBET,KitapPusula-Final-özel,eğitim
bu kitapta ana olay nedir,bu kitapta ana olay nedir,OLAY_SORUSU,KitapPusula-V6,eğitim
bu romanda ana karakter kim hatırlatır mısın,bu romanda ana karakter kim hatirlatir misin,KARAKTER_SORUSU,KitapPusula-V6,eğitim
lütfen biraz mizah yap lütfen,lutfen biraz mizah yap lutfen,SAKA_ISTEGI,KitapPusula-Final-özel,eğitim
bugün keyfin nasıl,bugun keyfin nasil,NASILSIN,KitapPusula-V6,eğitim
kaç tür tanıyor söyler misin,kac tur taniyor soyler misin,KATEGORI_LISTESI,KitapPusula-V6,eğitim
günaydın sana da,gunaydin sana da,SELAMLAMA,KitapPusula-V6,eğitim
sence sonun anlamı ne olabilir yorumlar mısın,sence sonun anlami ne olabilir yorumlar misin,SERBEST_KITAP_SORUSU,KitapPusula-V6,eğitim
hadi beni güldür lütfen,hadi beni guldur lutfen,SAKA_ISTEGI,KitapPusula-Final-özel,eğitim
hangi soruları sorabilirim,hangi sorulari sorabilirim,YARDIM,KitapPusula-V6,eğitim
yerel veri tabanında kaç kitabı arayabiliyorsun,yerel veri tabaninda kac kitabi arayabiliyorsun,KITAP_SAYISI,KitapPusula-V6,eğitim
Beyaz Diş,beyaz dis,KITAP_ARAMA,KitapPusula-V6,eğitim
KitapPusula ile etiketsiz kitabın kategorisini bul,kitappusula ile etiketsiz kitabin kategorisini bul,YENI_KITAP_SINIFLANDIR,KitapPusula-V6,eğitim
hangi eser açık,hangi eser acik,KITAP_ADI_SORUSU,KitapPusula-V6,eğitim
hemen uygulama kodu hazırla istiyorum,hemen uygulama kodu hazirla istiyorum,ALAN_DISI,KitapPusula-Final-özel,eğitim
modelle yeni tahmin yap başlat,modelle yeni tahmin yap baslat,YENI_KITAP_SINIFLANDIR,KitapPusula-V6,eğitim
az önceki kitap için daha derin bilgi ver,az onceki kitap icin daha derin bilgi ver,DETAY_SORUSU,KitapPusula-V6,eğitim
izmir'de şu an saat kaç,izmir de su an saat kac,TARIH_SAAT_SORUSU,MASSIVE-tr-TR,eğitim
az önceki kitap sayfa sayısı kaç,az onceki kitap sayfa sayisi kac,SAYFA_SORUSU,KitapPusula-V6,eğitim
söyler misin ne işe yarıyorsun,soyler misin ne ise yariyorsun,BOT_YETENEK,KitapPusula-Final-özel,eğitim
sınıflandırıcı kaç tür tanıyor,siniflandirici kac tur taniyor,KATEGORI_LISTESI,KitapPusula-V6,eğitim
model bilgilerini göster söyler misin,model bilgilerini goster soyler misin,MODEL_BILGISI,KitapPusula-V6,eğitim
romanda başına neler geliyor anlatır mısın,romanda basina neler geliyor anlatir misin,OLAY_SORUSU,KitapPusula-V6,eğitim
bu roman mı,bu roman mi,TUR_SORUSU,KitapPusula-V6,eğitim
bugün ne haber,bugun ne haber,NASILSIN,KitapPusula-V6,eğitim
bu eser hikâyesi ne,bu eser hik yesi ne,OZET_SORUSU,KitapPusula-V6,eğitim
şu an sohbetimiz güzel gidiyor,su an sohbetimiz guzel gidiyor,GENEL_SOHBET,KitapPusula-Final-özel,eğitim
sana bir şey anlatacağım aslında,sana bir sey anlatacagim aslinda,GENEL_SOHBET,KitapPusula-Final-özel,eğitim
gelecek hafta hava ısınacak mı,gelecek hafta hava isinacak mi,HAVA_SORUSU,MASSIVE-tr-TR,eğitim
lütfen bütün bilgileri göster,lutfen butun bilgileri goster,TEKRAR_GOSTER,KitapPusula-V6,eğitim
bu eserle ilgili ek bilgi paylaş mümkünse,bu eserle ilgili ek bilgi paylas mumkunse,DETAY_SORUSU,KitapPusula-V6,eğitim
bilinmeyen kitabın türünü belirle,bilinmeyen kitabin turunu belirle,YENI_KITAP_SINIFLANDIR,KitapPusula-V6,eğitim
bana bana yazılım geliştir,bana bana yazilim gelistir,ALAN_DISI,KitapPusula-Final-özel,eğitim
kitap modeli için başarı oranı nedir söyler misin,kitap modeli icin basari orani nedir soyler misin,MODEL_BILGISI,KitapPusula-V6,eğitim
Serenad,serenad,KITAP_ARAMA,KitapPusula-V6,eğitim
az önceki kitap için konuyu daha geniş açıkla,az onceki kitap icin konuyu daha genis acikla,DETAY_SORUSU,KitapPusula-V6,eğitim
model desteklenen kategoriler neler,model desteklenen kategoriler neler,KATEGORI_LISTESI,KitapPusula-V6,eğitim
şu anda hangi ortamda çalışıyorsun lütfen,su anda hangi ortamda calisiyorsun lutfen,BOT_KONUM,KitapPusula-Final-özel,eğitim
bu kitapta sonunda ne oluyor kısaca söyler misin,bu kitapta sonunda ne oluyor kisaca soyler misin,OLAY_SORUSU,KitapPusula-V6,eğitim
kategori listesini ver,kategori listesini ver,KATEGORI_LISTESI,KitapPusula-V6,eğitim
bu eserle ilgili ek bilgi paylaş,bu eserle ilgili ek bilgi paylas,DETAY_SORUSU,KitapPusula-V6,eğitim
Santiago neden Mısır'a gidiyor,santiago neden misir a gidiyor,OLAY_SORUSU,KitapPusula-V6,eğitim
son kitap hangisiydi söyler misin,son kitap hangisiydi soyler misin,KITAP_ADI_SORUSU,KitapPusula-V6,eğitim
lütfen kitap kartını aç lütfen,lutfen kitap kartini ac lutfen,TEKRAR_GOSTER,KitapPusula-V6,eğitim
modelle açıklamayı sınıfa ayır,modelle aciklamayi sinifa ayir,YENI_KITAP_SINIFLANDIR,KitapPusula-V6,eğitim
bu kitapta hangi karakterler var,bu kitapta hangi karakterler var,KARAKTER_SORUSU,KitapPusula-V6,eğitim
bugün konuşacak çok şey var biraz,bugun konusacak cok sey var biraz,GENEL_SOHBET,KitapPusula-Final-özel,eğitim
komik bir şey söyle,komik bir sey soyle,SAKA_ISTEGI,KitapPusula-Final-özel,eğitim
hangi konularda yardımcı olursun anlatır mısın,hangi konularda yardimci olursun anlatir misin,BOT_YETENEK,KitapPusula-Final-özel,eğitim
bana nereden başlamalıyım lütfen,bana nereden baslamaliyim lutfen,YARDIM,KitapPusula-V6,eğitim
yorumuna göre kitap okunmaya değer mi,yorumuna gore kitap okunmaya deger mi,SERBEST_KITAP_SORUSU,KitapPusula-V6,eğitim
performans metrikleri ne ayrıntılı anlat,performans metrikleri ne ayrintili anlat,MODEL_BILGISI,KitapPusula-V6,eğitim
lütfen detayları yeniden göster lütfen,lutfen detaylari yeniden goster lutfen,TEKRAR_GOSTER,KitapPusula-V6,eğitim
bugünün tarihi nedir,bugunun tarihi nedir,TARIH_SAAT_SORUSU,MASSIVE-tr-TR,eğitim
acaba sahibin kim lütfen,acaba sahibin kim lutfen,BOT_YARATICI,KitapPusula-Final-özel,eğitim
bugün sohbetimiz güzel gidiyor şimdi,bugun sohbetimiz guzel gidiyor simdi,GENEL_SOHBET,KitapPusula-Final-özel,eğitim
şu an ankara da saat kaç,su an ankara da saat kac,TARIH_SAAT_SORUSU,MASSIVE-tr-TR,eğitim
romanda bu olayın sebebi ne,romanda bu olayin sebebi ne,OLAY_SORUSU,KitapPusula-V6,eğitim
pazar günü güneş bekliyor musun,pazar gunu gunes bekliyor musun,HAVA_SORUSU,MASSIVE-tr-TR,eğitim
hürriyetten haberleri alır mısın,hurriyetten haberleri alir misin,HABER_SORUSU,MASSIVE-tr-TR,eğitim
bu eser ne kadar uzun hatırlatır mısın,bu eser ne kadar uzun hatirlatir misin,SAYFA_SORUSU,KitapPusula-V6,eğitim
eğitim sonuçları ne,egitim sonuclari ne,MODEL_BILGISI,KitapPusula-V6,eğitim
kahire de saat kaç lütfen,kahire de saat kac lutfen,TARIH_SAAT_SORUSU,MASSIVE-tr-TR,eğitim
yerel veri tabanında kaç kitabı arayabiliyorsun söyler misin,yerel veri tabaninda kac kitabi arayabiliyorsun soyler misin,KITAP_SAYISI,KitapPusula-V6,eğitim
söyler misin doğum tarihin ne lütfen,soyler misin dogum tarihin ne lutfen,BOT_YAS,KitapPusula-Final-özel,eğitim
kısaca komutları göster,kisaca komutlari goster,YARDIM,KitapPusula-V6,eğitim
sanırım sohbetimiz güzel gidiyor aslında,sanirim sohbetimiz guzel gidiyor aslinda,GENEL_SOHBET,KitapPusula-Final-özel,eğitim
Olasılıksız,olasiliksiz,KITAP_ARAMA,KitapPusula-V6,eğitim
hadi şaka yap lütfen,hadi saka yap lutfen,SAKA_ISTEGI,KitapPusula-Final-özel,eğitim
cross validation sonucu nedir ayrıntılı anlat,cross validation sonucu nedir ayrintili anlat,MODEL_BILGISI,KitapPusula-V6,eğitim
metinden kitap türü çıkar,metinden kitap turu cikar,YENI_KITAP_SINIFLANDIR,KitapPusula-V6,eğitim
Dönüşüm,donusum,KITAP_ARAMA,KitapPusula-V6,eğitim
az önce kitabın adı neydi hatırlatır mısın,az once kitabin adi neydi hatirlatir misin,KITAP_ADI_SORUSU,KitapPusula-V6,eğitim
bu kitap kaç sayfalık söyler misin,bu kitap kac sayfalik soyler misin,SAYFA_SORUSU,KitapPusula-V6,eğitim
söyler misin yaşın kaç şu anda,soyler misin yasin kac su anda,BOT_YAS,KitapPusula-Final-özel,eğitim
kitap modeli için kaç örnekle eğitildi,kitap modeli icin kac ornekle egitildi,MODEL_BILGISI,KitapPusula-V6,eğitim
bu kitapta başına neler geliyor anlatır mısın,bu kitapta basina neler geliyor anlatir misin,OLAY_SORUSU,KitapPusula-V6,eğitim
t. r. t. haber den yerel haberler,t r t haber den yerel haberler,HABER_SORUSU,MASSIVE-tr-TR,eğitim
bu eser neyi konu alıyor lütfen,bu eser neyi konu aliyor lutfen,OZET_SORUSU,KitapPusula-V6,eğitim
yardımın için minnettarım KitapPusula,yardimin icin minnettarim kitappusula,TESEKKUR,KitapPusula-Final-özel,eğitim
bu kitabın sahibi hangi yazar söyler misin,bu kitabin sahibi hangi yazar soyler misin,YAZAR_SORUSU,KitapPusula-V6,eğitim
model hangi türleri biliyor,model hangi turleri biliyor,KATEGORI_LISTESI,KitapPusula-V6,eğitim
yeni tahmin yap,yeni tahmin yap,YENI_KITAP_SINIFLANDIR,KitapPusula-V6,eğitim
açıklar mısın nasıl bir asistansın lütfen,aciklar misin nasil bir asistansin lutfen,BOT_KIMLIK,KitapPusula-Final-özel,eğitim
beni bir spagetti pişirme videosuna götür,beni bir spagetti pisirme videosuna gotur,YEMEK_TARIFI_SORUSU,MASSIVE-tr-TR,eğitim
sen istediğim her eseri getirebilir mi gerçekten,sen istedigim her eseri getirebilir mi gercekten,HER_KITAP_SORUSU,KitapPusula-V6,eğitim
bu kitap hakkında ayrıntılı anlat mümkünse,bu kitap hakkinda ayrintili anlat mumkunse,DETAY_SORUSU,KitapPusula-V6,eğitim
bu kitapta başkahraman kim söyler misin,bu kitapta baskahraman kim soyler misin,KARAKTER_SORUSU,KitapPusula-V6,eğitim
bugün keyfin nasıl KitapPusula,bugun keyfin nasil kitappusula,NASILSIN,KitapPusula-V6,eğitim
sence yazar bunu neden yazmış olabilir yorumlar mısın,sence yazar bunu neden yazmis olabilir yorumlar misin,SERBEST_KITAP_SORUSU,KitapPusula-V6,eğitim
bazen biraz sohbet etmek istiyorum aslında,bazen biraz sohbet etmek istiyorum aslinda,GENEL_SOHBET,KitapPusula-Final-özel,eğitim
sen istediğim her eseri getirebilir mi,sen istedigim her eseri getirebilir mi,HER_KITAP_SORUSU,KitapPusula-V6,eğitim
o zaman şimdilik bu kadar KitapPusula,o zaman simdilik bu kadar kitappusula,VEDA,KitapPusula-Final-özel,eğitim
çok sağ ol KitapPusula,cok sag ol kitappusula,TESEKKUR,KitapPusula-Final-özel,eğitim
hafta sonu için hava durumu tahmini nedir,hafta sonu icin hava durumu tahmini nedir,HAVA_SORUSU,MASSIVE-tr-TR,eğitim
lütfen bana saati söyler misin,lutfen bana saati soyler misin,TARIH_SAAT_SORUSU,MASSIVE-tr-TR,eğitim
acaba nerede yaşıyorsun lütfen,acaba nerede yasiyorsun lutfen,BOT_KONUM,KitapPusula-Final-özel,eğitim
kitap açıklamasından tür tahmin et başlat,kitap aciklamasindan tur tahmin et baslat,YENI_KITAP_SINIFLANDIR,KitapPusula-V6,eğitim
kaç kitabı arayabiliyorsun söyler misin,kac kitabi arayabiliyorsun soyler misin,KITAP_SAYISI,KitapPusula-V6,eğitim
sonra konuşuruz sonra,sonra konusuruz sonra,VEDA,KitapPusula-Final-özel,eğitim
bana Java kodu yaz,bana java kodu yaz,ALAN_DISI,KitapPusula-Final-özel,eğitim
bu eserin yazarının adı ne hatırlatır mısın,bu eserin yazarinin adi ne hatirlatir misin,YAZAR_SORUSU,KitapPusula-V6,eğitim
bu kitabın müellifi kim,bu kitabin muellifi kim,YAZAR_SORUSU,KitapPusula-V6,eğitim
fiziksel olarak neredesin lütfen,fiziksel olarak neredesin lutfen,BOT_KONUM,KitapPusula-Final-özel,eğitim
şu anda nerede yaşıyorsun,su anda nerede yasiyorsun,BOT_KONUM,KitapPusula-Final-özel,eğitim
senin kimliğin ne,senin kimligin ne,BOT_KIMLIK,KitapPusula-Final-özel,eğitim
bu eser kaç sayfalık söyler misin,bu eser kac sayfalik soyler misin,SAYFA_SORUSU,KitapPusula-V6,eğitim
kitap havuzu ne kadar büyük,kitap havuzu ne kadar buyuk,KITAP_SAYISI,KitapPusula-V6,eğitim
bu sistem veri setinde olmayan kitabı bulabilir mi,bu sistem veri setinde olmayan kitabi bulabilir mi,HER_KITAP_SORUSU,KitapPusula-V6,eğitim
bu eserle ilgili daha fazla detay ver,bu eserle ilgili daha fazla detay ver,DETAY_SORUSU,KitapPusula-V6,eğitim
yaratıcın kim lütfen,yaraticin kim lutfen,BOT_YARATICI,KitapPusula-Final-özel,eğitim
nasıl gidiyor söyler misin,nasil gidiyor soyler misin,NASILSIN,KitapPusula-V6,eğitim
bana saatin kaç olduğunu söyleyebilir misin,bana saatin kac oldugunu soyleyebilir misin,TARIH_SAAT_SORUSU,MASSIVE-tr-TR,eğitim
bu eserle ilgili detaylandır lütfen,bu eserle ilgili detaylandir lutfen,DETAY_SORUSU,KitapPusula-V6,eğitim
bu kitap konusu ne lütfen,bu kitap konusu ne lutfen,OZET_SORUSU,KitapPusula-V6,eğitim
Momo,momo,KITAP_ARAMA,KitapPusula-V6,eğitim
bu eser ne kadar uzun,bu eser ne kadar uzun,SAYFA_SORUSU,KitapPusula-V6,eğitim
bu kitap kısa özetini ver anlatır mısın,bu kitap kisa ozetini ver anlatir misin,OZET_SORUSU,KitapPusula-V6,eğitim
bu eserle ilgili daha derin bilgi ver mümkünse,bu eserle ilgili daha derin bilgi ver mumkunse,DETAY_SORUSU,KitapPusula-V6,eğitim
sence kitap kimlere uygun yorumlar mısın,sence kitap kimlere uygun yorumlar misin,SERBEST_KITAP_SORUSU,KitapPusula-V6,eğitim
bu eserin kimin eseri,bu eserin kimin eseri,YAZAR_SORUSU,KitapPusula-V6,eğitim
Çalıkuşu,calikusu,KITAP_ARAMA,KitapPusula-V6,eğitim
bu kitap hakkında başka neler biliyorsun mümkünse,bu kitap hakkinda baska neler biliyorsun mumkunse,DETAY_SORUSU,KitapPusula-V6,eğitim
söyler misin yaşın kaç,soyler misin yasin kac,BOT_YAS,KitapPusula-Final-özel,eğitim
bu sistem istediğim her eseri getirebilir mi gerçekten,bu sistem istedigim her eseri getirebilir mi gercekten,HER_KITAP_SORUSU,KitapPusula-V6,eğitim
Bilinmeyen Bir Kadının Mektubu,bilinmeyen bir kadinin mektubu,KITAP_ARAMA,KitapPusula-V6,eğitim
model hangi türleri biliyor söyler misin,model hangi turleri biliyor soyler misin,KATEGORI_LISTESI,KitapPusula-V6,eğitim
sınıflandırıcı hangi türleri biliyor söyler misin,siniflandirici hangi turleri biliyor soyler misin,KATEGORI_LISTESI,KitapPusula-V6,eğitim
bana otel öner,bana otel oner,ALAN_DISI,KitapPusula-Final-özel,eğitim
bana en güncel teknoloji haberlerini getir,bana en guncel teknoloji haberlerini getir,HABER_SORUSU,MASSIVE-tr-TR,eğitim
sence eserin duygusu nasıl,sence eserin duygusu nasil,SERBEST_KITAP_SORUSU,KitapPusula-V6,eğitim
modelle bilinmeyen kitabın türünü belirle,modelle bilinmeyen kitabin turunu belirle,YENI_KITAP_SINIFLANDIR,KitapPusula-V6,eğitim
gerçekten çok yardımcı oldun,gercekten cok yardimci oldun,TESEKKUR,KitapPusula-Final-özel,eğitim
şimdilik bu kadar sonra,simdilik bu kadar sonra,VEDA,KitapPusula-Final-özel,eğitim
bugün keyfin nasıl bakalım,bugun keyfin nasil bakalim,NASILSIN,KitapPusula-V6,eğitim
hangi sınıflar var,hangi siniflar var,KATEGORI_LISTESI,KitapPusula-V6,eğitim
bu eser kısaca özetle anlatır mısın,bu eser kisaca ozetle anlatir misin,OZET_SORUSU,KitapPusula-V6,eğitim
acaba doğum tarihin ne,acaba dogum tarihin ne,BOT_YAS,KitapPusula-Final-özel,eğitim
iyi misin,iyi misin,NASILSIN,KitapPusula-V6,eğitim
acaba doğum günün ne zaman lütfen,acaba dogum gunun ne zaman lutfen,BOT_YAS,KitapPusula-Final-özel,eğitim
bu kitap içeriğinden bahset,bu kitap iceriginden bahset,OZET_SORUSU,KitapPusula-V6,eğitim
sütten ekşi süt nasıl yapılır,sutten eksi sut nasil yapilir,YEMEK_TARIFI_SORUSU,MASSIVE-tr-TR,eğitim
bu kitabın müellifi kim söyler misin,bu kitabin muellifi kim soyler misin,YAZAR_SORUSU,KitapPusula-V6,eğitim
kısaca hangi sistemsin lütfen,kisaca hangi sistemsin lutfen,BOT_KIMLIK,KitapPusula-Final-özel,eğitim
bu sistem her kitabı bulabiliyor musun şu anda,bu sistem her kitabi bulabiliyor musun su anda,HER_KITAP_SORUSU,KitapPusula-V6,eğitim
bana kitaplarla ilgili şaka anlat olur mu,bana kitaplarla ilgili saka anlat olur mu,SAKA_ISTEGI,KitapPusula-Final-özel,eğitim
sen her kitabı bulabiliyor musun gerçekten,sen her kitabi bulabiliyor musun gercekten,HER_KITAP_SORUSU,KitapPusula-V6,eğitim
bu kitap kalın mı söyler misin,bu kitap kalin mi soyler misin,SAYFA_SORUSU,KitapPusula-V6,eğitim
az önce hangi kitaptan söz ettik hatırlatır mısın,az once hangi kitaptan soz ettik hatirlatir misin,KITAP_ADI_SORUSU,KitapPusula-V6,eğitim
modelle bilinmeyen kitabın türünü belirle başlat,modelle bilinmeyen kitabin turunu belirle baslat,YENI_KITAP_SINIFLANDIR,KitapPusula-V6,eğitim
Hayvan Çiftliği,hayvan ciftligi,KITAP_ARAMA,KitapPusula-V6,eğitim
metinden kitap türü çıkar başlat,metinden kitap turu cikar baslat,YENI_KITAP_SINIFLANDIR,KitapPusula-V6,eğitim
bugün biraz muhabbet edelim aslında,bugun biraz muhabbet edelim aslinda,GENEL_SOHBET,KitapPusula-Final-özel,eğitim
lütfen bilgileri baştan yaz,lutfen bilgileri bastan yaz,TEKRAR_GOSTER,KitapPusula-V6,eğitim
nerede yaşıyorsun,nerede yasiyorsun,BOT_KONUM,KitapPusula-Final-özel,eğitim
KitapPusula dünyadaki tüm eserleri tanıyor mu,kitappusula dunyadaki tum eserleri taniyor mu,HER_KITAP_SORUSU,KitapPusula-V6,eğitim
bu kitap hakkında ek bilgi paylaş mümkünse,bu kitap hakkinda ek bilgi paylas mumkunse,DETAY_SORUSU,KitapPusula-V6,eğitim
bu kitapta ana karakter kim hatırlatır mısın,bu kitapta ana karakter kim hatirlatir misin,KARAKTER_SORUSU,KitapPusula-V6,eğitim
edebî kategorileri göster söyler misin,edeb kategorileri goster soyler misin,KATEGORI_LISTESI,KitapPusula-V6,eğitim
az önceki kitap için daha fazla detay ver lütfen,az onceki kitap icin daha fazla detay ver lutfen,DETAY_SORUSU,KitapPusula-V6,eğitim
bu kitapta ana olay nedir kısaca söyler misin,bu kitapta ana olay nedir kisaca soyler misin,OLAY_SORUSU,KitapPusula-V6,eğitim
KitapPusula sınırsız kitaba erişebiliyor mu,kitappusula sinirsiz kitaba erisebiliyor mu,HER_KITAP_SORUSU,KitapPusula-V6,eğitim
KitapPusula ile açıklamayı sınıfa ayır,kitappusula ile aciklamayi sinifa ayir,YENI_KITAP_SINIFLANDIR,KitapPusula-V6,eğitim
ayrıntılı olarak senden ne isteyebilirim,ayrintili olarak senden ne isteyebilirim,BOT_YETENEK,KitapPusula-Final-özel,eğitim
model hangi sınıflar var şu anda,model hangi siniflar var su anda,KATEGORI_LISTESI,KitapPusula-V6,eğitim
bu romanda hikâyeyi taşıyan kişi kim,bu romanda hik yeyi tasiyan kisi kim,KARAKTER_SORUSU,KitapPusula-V6,eğitim
bilgileri baştan yaz bir kez daha,bilgileri bastan yaz bir kez daha,TEKRAR_GOSTER,KitapPusula-V6,eğitim
yorumuna göre ana fikir nasıl yorumlanabilir,yorumuna gore ana fikir nasil yorumlanabilir,SERBEST_KITAP_SORUSU,KitapPusula-V6,eğitim
bu kitapta ana karakter kim söyler misin,bu kitapta ana karakter kim soyler misin,KARAKTER_SORUSU,KitapPusula-V6,eğitim
KitapPusula veri setinde olmayan kitabı bulabilir mi,kitappusula veri setinde olmayan kitabi bulabilir mi,HER_KITAP_SORUSU,KitapPusula-V6,eğitim
söyler misin ne yapabilirsin anlatır mısın,soyler misin ne yapabilirsin anlatir misin,BOT_YETENEK,KitapPusula-Final-özel,eğitim
hikâyede olaylar nasıl gelişiyor,hik yede olaylar nasil gelisiyor,OLAY_SORUSU,KitapPusula-V6,eğitim
bugün şemsiye al,bugun semsiye al,HAVA_SORUSU,MASSIVE-tr-TR,eğitim
hangi soruları sorabilirim anlatır mısın,hangi sorulari sorabilirim anlatir misin,YARDIM,KitapPusula-V6,eğitim
bu kitapta başkahraman kim,bu kitapta baskahraman kim,KARAKTER_SORUSU,KitapPusula-V6,eğitim
kitabın adı neydi,kitabin adi neydi,KITAP_ADI_SORUSU,KitapPusula-V6,eğitim
kaç örnekle eğitildi,kac ornekle egitildi,MODEL_BILGISI,KitapPusula-V6,eğitim
bana espri yap olur mu,bana espri yap olur mu,SAKA_ISTEGI,KitapPusula-Final-özel,eğitim
az önceki kitap için tam bilgiyi getir,az onceki kitap icin tam bilgiyi getir,TEKRAR_GOSTER,KitapPusula-V6,eğitim
yardımın için minnettarım,yardimin icin minnettarim,TESEKKUR,KitapPusula-Final-özel,eğitim
bu sistem tüm kitaplar sende var mı gerçekten,bu sistem tum kitaplar sende var mi gercekten,HER_KITAP_SORUSU,KitapPusula-V6,eğitim
şu anda haberlerde ne var,su anda haberlerde ne var,HABER_SORUSU,KitapPusula-Final-özel,eğitim
tekrar merhaba sana da,tekrar merhaba sana da,SELAMLAMA,KitapPusula-V6,eğitim
kısaca iş başvurusu hazırla,kisaca is basvurusu hazirla,ALAN_DISI,KitapPusula-Final-özel,eğitim
bu sistem sınırsız kitaba erişebiliyor mu gerçekten,bu sistem sinirsiz kitaba erisebiliyor mu gercekten,HER_KITAP_SORUSU,KitapPusula-V6,eğitim
niyet modeli için cross validation sonucu nedir,niyet modeli icin cross validation sonucu nedir,MODEL_BILGISI,KitapPusula-V6,eğitim
sen sınırsız kitaba erişebiliyor mu gerçekten,sen sinirsiz kitaba erisebiliyor mu gercekten,HER_KITAP_SORUSU,KitapPusula-V6,eğitim
şu an yağmur yağıyor mu,su an yagmur yagiyor mu,HAVA_SORUSU,MASSIVE-tr-TR,eğitim
bugün biraz muhabbet edelim biraz,bugun biraz muhabbet edelim biraz,GENEL_SOHBET,KitapPusula-Final-özel,eğitim
bu kitap hangi kategoride,bu kitap hangi kategoride,TUR_SORUSU,KitapPusula-V6,eğitim
bana bir espri patlat,bana bir espri patlat,SAKA_ISTEGI,KitapPusula-Final-özel,eğitim
ben çıkıyorum KitapPusula,ben cikiyorum kitappusula,VEDA,KitapPusula-Final-özel,eğitim
gerçekten çok yardımcı oldun sana,gercekten cok yardimci oldun sana,TESEKKUR,KitapPusula-Final-özel,eğitim
iyi günler KitapPusula,iyi gunler kitappusula,SELAMLAMA,KitapPusula-V6,eğitim
bana nereden başlamalıyım,bana nereden baslamaliyim,YARDIM,KitapPusula-V6,eğitim
yerel veri tabanında toplam kaç eser bulunuyor söyler misin,yerel veri tabaninda toplam kac eser bulunuyor soyler misin,KITAP_SAYISI,KitapPusula-V6,eğitim
model desteklenen kategoriler neler söyler misin,model desteklenen kategoriler neler soyler misin,KATEGORI_LISTESI,KitapPusula-V6,eğitim
merak ettim yaşın kaç lütfen,merak ettim yasin kac lutfen,BOT_YAS,KitapPusula-Final-özel,eğitim
biraz önce hangi kitaptan söz ettik,biraz once hangi kitaptan soz ettik,KITAP_ADI_SORUSU,KitapPusula-V6,eğitim
bugün seninle konuşmak güzel,bugun seninle konusmak guzel,GENEL_SOHBET,KitapPusula-Final-özel,eğitim
KitapPusula istediğim her eseri getirebilir mi,kitappusula istedigim her eseri getirebilir mi,HER_KITAP_SORUSU,KitapPusula-V6,eğitim
son olarak hangi haberler konuşuluyor,son olarak hangi haberler konusuluyor,HABER_SORUSU,KitapPusula-Final-özel,eğitim
bu kitap sayfa sayısı kaç,bu kitap sayfa sayisi kac,SAYFA_SORUSU,KitapPusula-V6,eğitim
hangi kitabı konuşuyoruz,hangi kitabi konusuyoruz,KITAP_ADI_SORUSU,KitapPusula-V6,eğitim
güncel haberleri anlat özetler misin,guncel haberleri anlat ozetler misin,HABER_SORUSU,KitapPusula-Final-özel,eğitim
kuzey kore hakkında herhangi bir son haber,kuzey kore hakkinda herhangi bir son haber,HABER_SORUSU,MASSIVE-tr-TR,eğitim
bu sistem dünyadaki tüm eserleri tanıyor mu gerçekten,bu sistem dunyadaki tum eserleri taniyor mu gercekten,HER_KITAP_SORUSU,KitapPusula-V6,eğitim
az önceki kitap için başka neler biliyorsun,az onceki kitap icin baska neler biliyorsun,DETAY_SORUSU,KitapPusula-V6,eğitim
doğum tarihin ne lütfen,dogum tarihin ne lutfen,BOT_YAS,KitapPusula-Final-özel,eğitim
tamam sohbeti bitirelim,tamam sohbeti bitirelim,VEDA,KitapPusula-Final-özel,eğitim
niyet modeli için model bilgilerini göster söyler misin,niyet modeli icin model bilgilerini goster soyler misin,MODEL_BILGISI,KitapPusula-V6,eğitim
bu eser ne kadar uzun söyler misin,bu eser ne kadar uzun soyler misin,SAYFA_SORUSU,KitapPusula-V6,eğitim
bana bir fonksiyon yaz istiyorum,bana bir fonksiyon yaz istiyorum,ALAN_DISI,KitapPusula-Final-özel,eğitim
kısaca hangi görevleri yaparsın,kisaca hangi gorevleri yaparsin,BOT_YETENEK,KitapPusula-Final-özel,eğitim
az daha detay ver,az daha detay ver,DETAY_SORUSU,KitapPusula-V6,eğitim
acaba fiziksel olarak neredesin lütfen,acaba fiziksel olarak neredesin lutfen,BOT_KONUM,KitapPusula-Final-özel,eğitim
bir açıklama sınıflandırmak istiyorum,bir aciklama siniflandirmak istiyorum,YENI_KITAP_SINIFLANDIR,KitapPusula-V6,eğitim
açıklamayı sınıfa ayır,aciklamayi sinifa ayir,YENI_KITAP_SINIFLANDIR,KitapPusula-V6,eğitim
şu anda hangi ortamda çalışıyorsun,su anda hangi ortamda calisiyorsun,BOT_KONUM,KitapPusula-Final-özel,eğitim
sen tüm kitaplar sende var mı,sen tum kitaplar sende var mi,HER_KITAP_SORUSU,KitapPusula-V6,eğitim
merak ettim ismin nedir lütfen,merak ettim ismin nedir lutfen,BOT_KIMLIK,KitapPusula-Final-özel,eğitim
az önceki kitap kaç sayfalık,az onceki kitap kac sayfalik,SAYFA_SORUSU,KitapPusula-V6,eğitim
acaba bu projeyi kim hazırladı bana,acaba bu projeyi kim hazirladi bana,BOT_YARATICI,KitapPusula-Final-özel,eğitim
az önceki kitabın yazarı kim,az onceki kitabin yazari kim,YAZAR_SORUSU,KitapPusula-V6,eğitim
selamünaleyküm,selamunaleykum,SELAMLAMA,KitapPusula-V6,eğitim
merak ettim son dakika gelişmeleri neler özetler misin,merak ettim son dakika gelismeleri neler ozetler misin,HABER_SORUSU,KitapPusula-Final-özel,eğitim
açıklar mısın kim olduğunu anlat lütfen,aciklar misin kim oldugunu anlat lutfen,BOT_KIMLIK,KitapPusula-Final-özel,eğitim
verdiğin cevap için çok sağ ol,verdigin cevap icin cok sag ol,TESEKKUR,KitapPusula-Final-özel,eğitim
merak ettim genç misin lütfen,merak ettim genc misin lutfen,BOT_YAS,KitapPusula-Final-özel,eğitim
kitap havuzu ne kadar büyük şu anda,kitap havuzu ne kadar buyuk su anda,KITAP_SAYISI,KitapPusula-V6,eğitim
kısa bir fıkra anlat olur mu,kisa bir fikra anlat olur mu,SAKA_ISTEGI,KitapPusula-Final-özel,eğitim
söyler misin nasıl bir asistansın,soyler misin nasil bir asistansin,BOT_KIMLIK,KitapPusula-Final-özel,eğitim
söyler misin bu uygulamayı yapan kim lütfen,soyler misin bu uygulamayi yapan kim lutfen,BOT_YARATICI,KitapPusula-Final-özel,eğitim
bu sistem dünyadaki tüm eserleri tanıyor mu,bu sistem dunyadaki tum eserleri taniyor mu,HER_KITAP_SORUSU,KitapPusula-V6,eğitim
az önceki kitap kalın mı,az onceki kitap kalin mi,SAYFA_SORUSU,KitapPusula-V6,eğitim
söyler misin adın ne,soyler misin adin ne,BOT_KIMLIK,KitapPusula-Final-özel,eğitim
yorumuna göre karakterin davranışı nasıl değerlendirilebilir kısaca değerlendir,yorumuna gore karakterin davranisi nasil degerlendirilebilir kisaca degerlendir,SERBEST_KITAP_SORUSU,KitapPusula-V6,eğitim
bu sistem tüm kitaplar sende var mı şu anda,bu sistem tum kitaplar sende var mi su anda,HER_KITAP_SORUSU,KitapPusula-V6,eğitim
lütfen hepsini tekrar et lütfen,lutfen hepsini tekrar et lutfen,TEKRAR_GOSTER,KitapPusula-V6,eğitim
bir adresin var mı lütfen,bir adresin var mi lutfen,BOT_KONUM,KitapPusula-Final-özel,eğitim
model edebî kategorileri göster söyler misin,model edeb kategorileri goster soyler misin,KATEGORI_LISTESI,KitapPusula-V6,eğitim
bu romanda başkahraman kim,bu romanda baskahraman kim,KARAKTER_SORUSU,KitapPusula-V6,eğitim
KitapPusula ile kitap açıklamasından tür tahmin et başlat,kitappusula ile kitap aciklamasindan tur tahmin et baslat,YENI_KITAP_SINIFLANDIR,KitapPusula-V6,eğitim
yerel veri tabanında kitap sayısı kaç şu anda,yerel veri tabaninda kitap sayisi kac su anda,KITAP_SAYISI,KitapPusula-V6,eğitim
söyler misin seni kim yaptı lütfen,soyler misin seni kim yapti lutfen,BOT_YARATICI,KitapPusula-Final-özel,eğitim
sanırım seninle konuşmak güzel biraz,sanirim seninle konusmak guzel biraz,GENEL_SOHBET,KitapPusula-Final-özel,eğitim
hey bugünkü tarih ne,hey bugunku tarih ne,TARIH_SAAT_SORUSU,MASSIVE-tr-TR,eğitim
şu anda dışarıda hava nasıl,su anda disarida hava nasil,HAVA_SORUSU,MASSIVE-tr-TR,eğitim
bana bir spagetti tarifi bul,bana bir spagetti tarifi bul,YEMEK_TARIFI_SORUSU,MASSIVE-tr-TR,eğitim
bana uygulama kodu hazırla,bana uygulama kodu hazirla,ALAN_DISI,KitapPusula-Final-özel,eğitim
az önceki kitap için ayrıntılı anlat,az onceki kitap icin ayrintili anlat,DETAY_SORUSU,KitapPusula-V6,eğitim
kitap modeli için hangi algoritma kullanıldı söyler misin,kitap modeli icin hangi algoritma kullanildi soyler misin,MODEL_BILGISI,KitapPusula-V6,eğitim
bu kitap hacmi ne kadar söyler misin,bu kitap hacmi ne kadar soyler misin,SAYFA_SORUSU,KitapPusula-V6,eğitim
az önce kitabın adı neydi söyler misin,az once kitabin adi neydi soyler misin,KITAP_ADI_SORUSU,KitapPusula-V6,eğitim
bütün bilgileri göster lütfen,butun bilgileri goster lutfen,TEKRAR_GOSTER,KitapPusula-V6,eğitim
yerel veri tabanında kaç kitabı arayabiliyorsun şu anda,yerel veri tabaninda kac kitabi arayabiliyorsun su anda,KITAP_SAYISI,KitapPusula-V6,eğitim
az önceki kitap kategorisi ne,az onceki kitap kategorisi ne,TUR_SORUSU,KitapPusula-V6,eğitim
bu eser kategorisi ne hatırlatır mısın,bu eser kategorisi ne hatirlatir misin,TUR_SORUSU,KitapPusula-V6,eğitim
trump'ın ekonomi politikası nedir,trump in ekonomi politikasi nedir,HABER_SORUSU,MASSIVE-tr-TR,eğitim
yarın istanbul'da en yüksek sıcaklık kaç derece olacak,yarin istanbul da en yuksek sicaklik kac derece olacak,HAVA_SORUSU,MASSIVE-tr-TR,eğitim
kitap modeli için cross validation sonucu nedir,kitap modeli icin cross validation sonucu nedir,MODEL_BILGISI,KitapPusula-V6,eğitim
bu saatteki sıcaklık,bu saatteki sicaklik,HAVA_SORUSU,MASSIVE-tr-TR,eğitim
burada vakit geçirmek hoşuma gidiyor biraz,burada vakit gecirmek hosuma gidiyor biraz,GENEL_SOHBET,KitapPusula-Final-özel,eğitim
bu kitap hangi türe ait hatırlatır mısın,bu kitap hangi ture ait hatirlatir misin,TUR_SORUSU,KitapPusula-V6,eğitim
işler nasıl söyler misin,isler nasil soyler misin,NASILSIN,KitapPusula-V6,eğitim
selam sana da,selam sana da,SELAMLAMA,KitapPusula-V6,eğitim
ertesi pazartesi için tarih nedir,ertesi pazartesi icin tarih nedir,TARIH_SAAT_SORUSU,MASSIVE-tr-TR,eğitim
kitap bilgisini yinele,kitap bilgisini yinele,TEKRAR_GOSTER,KitapPusula-V6,eğitim
selamünaleyküm bugün de,selamunaleykum bugun de,SELAMLAMA,KitapPusula-V6,eğitim
bugün ne haber KitapPusula,bugun ne haber kitappusula,NASILSIN,KitapPusula-V6,eğitim
lütfen kod yazabilir misin,lutfen kod yazabilir misin,ALAN_DISI,KitapPusula-Final-özel,eğitim
bu eser kalın mı söyler misin,bu eser kalin mi soyler misin,SAYFA_SORUSU,KitapPusula-V6,eğitim
söyler misin özelliklerin neler lütfen,soyler misin ozelliklerin neler lutfen,BOT_YETENEK,KitapPusula-Final-özel,eğitim
merak ettim konumun neresi şu anda,merak ettim konumun neresi su anda,BOT_KONUM,KitapPusula-Final-özel,eğitim
açıkçası seninle konuşmak güzel,acikcasi seninle konusmak guzel,GENEL_SOHBET,KitapPusula-Final-özel,eğitim
yazarı neydi,yazari neydi,YAZAR_SORUSU,KitapPusula-V6,eğitim
sistemde toplam kaç eser bulunuyor,sistemde toplam kac eser bulunuyor,KITAP_SAYISI,KitapPusula-V6,eğitim
bu kitap kaç sayfa hatırlatır mısın,bu kitap kac sayfa hatirlatir misin,SAYFA_SORUSU,KitapPusula-V6,eğitim
kısaca senden ne isteyebilirim anlatır mısın,kisaca senden ne isteyebilirim anlatir misin,BOT_YETENEK,KitapPusula-Final-özel,eğitim
Pollyanna,pollyanna,KITAP_ARAMA,KitapPusula-V6,eğitim
kısaca hangi soruları sorabilirim,kisaca hangi sorulari sorabilirim,YARDIM,KitapPusula-V6,eğitim
sence ana fikir nasıl yorumlanabilir,sence ana fikir nasil yorumlanabilir,SERBEST_KITAP_SORUSU,KitapPusula-V6,eğitim
günaydın bugün de,gunaydin bugun de,SELAMLAMA,KitapPusula-V6,eğitim
bu kitabın yazan kişi kim,bu kitabin yazan kisi kim,YAZAR_SORUSU,KitapPusula-V6,eğitim
bana hangi soruları sorabilirim anlatır mısın,bana hangi sorulari sorabilirim anlatir misin,YARDIM,KitapPusula-V6,eğitim
ayrıntılı olarak bana nasıl yardım edersin anlatır mısın,ayrintili olarak bana nasil yardim edersin anlatir misin,BOT_YETENEK,KitapPusula-Final-özel,eğitim
kaç yaşındasın şu anda,kac yasindasin su anda,BOT_YAS,KitapPusula-Final-özel,eğitim
merak ettim güncel gelişmeler neler,merak ettim guncel gelismeler neler,HABER_SORUSU,KitapPusula-Final-özel,eğitim
ne zamandır varsın şu anda,ne zamandir varsin su anda,BOT_YAS,KitapPusula-Final-özel,eğitim
tekrar görüşmek üzere sonra,tekrar gorusmek uzere sonra,VEDA,KitapPusula-Final-özel,eğitim
hadi kitaplarla ilgili şaka anlat lütfen,hadi kitaplarla ilgili saka anlat lutfen,SAKA_ISTEGI,KitapPusula-Final-özel,eğitim
alışveriş listesi oluştur,alisveris listesi olustur,ALAN_DISI,KitapPusula-Final-özel,eğitim
kitap kartını aç lütfen,kitap kartini ac lutfen,TEKRAR_GOSTER,KitapPusula-V6,eğitim
sen bütün kitapları biliyor mu,sen butun kitaplari biliyor mu,HER_KITAP_SORUSU,KitapPusula-V6,eğitim
konuşacak çok şey var aslında,konusacak cok sey var aslinda,GENEL_SOHBET,KitapPusula-Final-özel,eğitim
Paulo neden bu kitabı yazmış olabilir,paulo neden bu kitabi yazmis olabilir,SERBEST_KITAP_SORUSU,KitapPusula-V6,eğitim
kısaca sen bir robot musun lütfen,kisaca sen bir robot musun lutfen,BOT_KIMLIK,KitapPusula-Final-özel,eğitim
bu eser kaç sayfa hatırlatır mısın,bu eser kac sayfa hatirlatir misin,SAYFA_SORUSU,KitapPusula-V6,eğitim
kullanım alanın nedir,kullanim alanin nedir,BOT_YETENEK,KitapPusula-Final-özel,eğitim
bu eserle ilgili biraz daha ayrıntı anlat,bu eserle ilgili biraz daha ayrinti anlat,DETAY_SORUSU,KitapPusula-V6,eğitim
bu kitapta hikâyeyi taşıyan kişi kim,bu kitapta hik yeyi tasiyan kisi kim,KARAKTER_SORUSU,KitapPusula-V6,eğitim
sanırım aklıma bir konu geldi biraz,sanirim aklima bir konu geldi biraz,GENEL_SOHBET,KitapPusula-Final-özel,eğitim
bu kitap kategorisi ne söyler misin,bu kitap kategorisi ne soyler misin,TUR_SORUSU,KitapPusula-V6,eğitim
tamam şimdilik bu kadar KitapPusula,tamam simdilik bu kadar kitappusula,VEDA,KitapPusula-Final-özel,eğitim
sence verilmek istenen mesaj ne olabilir kısaca değerlendir,sence verilmek istenen mesaj ne olabilir kisaca degerlendir,SERBEST_KITAP_SORUSU,KitapPusula-V6,eğitim
lütfen bir program kodla,lutfen bir program kodla,ALAN_DISI,KitapPusula-Final-özel,eğitim
nasılsın,nasilsin,NASILSIN,KitapPusula-V6,eğitim
şu anda dışarısı güneşli mi,su anda disarisi gunesli mi,HAVA_SORUSU,MASSIVE-tr-TR,eğitim
Anna Karenina,anna karenina,KITAP_ARAMA,KitapPusula-V6,eğitim
ne kadar kitap biliyorsun söyler misin,ne kadar kitap biliyorsun soyler misin,KITAP_SAYISI,KitapPusula-V6,eğitim
bu kitabın kimin eseri söyler misin,bu kitabin kimin eseri soyler misin,YAZAR_SORUSU,KitapPusula-V6,eğitim
lütfen bütün bilgileri göster bir kez daha,lutfen butun bilgileri goster bir kez daha,TEKRAR_GOSTER,KitapPusula-V6,eğitim
yorumuna göre ana fikir nasıl yorumlanabilir yorumlar mısın,yorumuna gore ana fikir nasil yorumlanabilir yorumlar misin,SERBEST_KITAP_SORUSU,KitapPusula-V6,eğitim
bana havuç çorbası tarifi bul,bana havuc corbasi tarifi bul,YEMEK_TARIFI_SORUSU,MASSIVE-tr-TR,eğitim
niyet modeli için hangi algoritma kullanıldı,niyet modeli icin hangi algoritma kullanildi,MODEL_BILGISI,KitapPusula-V6,eğitim
yaşın kaç şu anda,yasin kac su anda,BOT_YAS,KitapPusula-Final-özel,eğitim
söyler misin bu projeyi kim hazırladı bana,soyler misin bu projeyi kim hazirladi bana,BOT_YARATICI,KitapPusula-Final-özel,eğitim
doğrudan bu uygulamayı yapan kim,dogrudan bu uygulamayi yapan kim,BOT_YARATICI,KitapPusula-Final-özel,eğitim
bu eser içeriğinden bahset,bu eser iceriginden bahset,OZET_SORUSU,KitapPusula-V6,eğitim
bu romanda öne çıkan karakter kim hatırlatır mısın,bu romanda one cikan karakter kim hatirlatir misin,KARAKTER_SORUSU,KitapPusula-V6,eğitim
bazen burada vakit geçirmek hoşuma gidiyor,bazen burada vakit gecirmek hosuma gidiyor,GENEL_SOHBET,KitapPusula-Final-özel,eğitim
bu eserle ilgili ek bilgi paylaş lütfen,bu eserle ilgili ek bilgi paylas lutfen,DETAY_SORUSU,KitapPusula-V6,eğitim
bu eser kaç sayfalık hatırlatır mısın,bu eser kac sayfalik hatirlatir misin,SAYFA_SORUSU,KitapPusula-V6,eğitim
KitapPusula sınırsız kitaba erişebiliyor mu gerçekten,kitappusula sinirsiz kitaba erisebiliyor mu gercekten,HER_KITAP_SORUSU,KitapPusula-V6,eğitim
kasap bıçağını keskinleştirmenin en iyi yolu nedir,kasap bicagini keskinlestirmenin en iyi yolu nedir,YEMEK_TARIFI_SORUSU,MASSIVE-tr-TR,eğitim
kısaca iş başvurusu hazırla olur mu,kisaca is basvurusu hazirla olur mu,ALAN_DISI,KitapPusula-Final-özel,eğitim
lütfen kitap kartını aç,lutfen kitap kartini ac,TEKRAR_GOSTER,KitapPusula-V6,eğitim
söyler misin evin nerede,soyler misin evin nerede,BOT_KONUM,KitapPusula-Final-özel,eğitim
suyun kaynaması ne kadar sürer,suyun kaynamasi ne kadar surer,YEMEK_TARIFI_SORUSU,MASSIVE-tr-TR,eğitim
modelle kitap açıklamasından tür tahmin et,modelle kitap aciklamasindan tur tahmin et,YENI_KITAP_SINIFLANDIR,KitapPusula-V6,eğitim
açıkçası burada vakit geçirmek hoşuma gidiyor aslında,acikcasi burada vakit gecirmek hosuma gidiyor aslinda,GENEL_SOHBET,KitapPusula-Final-özel,eğitim
doğrudan seni kim geliştirdi,dogrudan seni kim gelistirdi,BOT_YARATICI,KitapPusula-Final-özel,eğitim
donald trump hakkında haber istiyorum,donald trump hakkinda haber istiyorum,HABER_SORUSU,MASSIVE-tr-TR,eğitim
bugün işler nasıl bakalım,bugun isler nasil bakalim,NASILSIN,KitapPusula-V6,eğitim
Vadideki Zambak,vadideki zambak,KITAP_ARAMA,KitapPusula-V6,eğitim
açıkçası seninle konuşmak güzel biraz,acikcasi seninle konusmak guzel biraz,GENEL_SOHBET,KitapPusula-Final-özel,eğitim
bu kitap hakkında ayrıntılı anlat,bu kitap hakkinda ayrintili anlat,DETAY_SORUSU,KitapPusula-V6,eğitim
uygulama kodu hazırla olur mu,uygulama kodu hazirla olur mu,ALAN_DISI,KitapPusula-Final-özel,eğitim
ismin nedir lütfen,ismin nedir lutfen,BOT_KIMLIK,KitapPusula-Final-özel,eğitim
izmir için zamanı göster,izmir icin zamani goster,TARIH_SAAT_SORUSU,MASSIVE-tr-TR,eğitim
az önceki kitap hangi türe ait,az onceki kitap hangi ture ait,TUR_SORUSU,KitapPusula-V6,eğitim
bu kitapta anlatılan kişi kim söyler misin,bu kitapta anlatilan kisi kim soyler misin,KARAKTER_SORUSU,KitapPusula-V6,eğitim
söyler misin geliştiricin kim,soyler misin gelistiricin kim,BOT_YARATICI,KitapPusula-Final-özel,eğitim
şu an biraz sohbet etmek istiyorum,su an biraz sohbet etmek istiyorum,GENEL_SOHBET,KitapPusula-Final-özel,eğitim
bana örnek kod oluştur istiyorum,bana ornek kod olustur istiyorum,ALAN_DISI,KitapPusula-Final-özel,eğitim
yaratıcın kim,yaraticin kim,BOT_YARATICI,KitapPusula-Final-özel,eğitim
bu eser roman mı hikâye mi hatırlatır mısın,bu eser roman mi hik ye mi hatirlatir misin,TUR_SORUSU,KitapPusula-V6,eğitim
bugün kendini nasıl hissediyorsun,bugun kendini nasil hissediyorsun,NASILSIN,KitapPusula-V6,eğitim
bu eser roman mı hikâye mi söyler misin,bu eser roman mi hik ye mi soyler misin,TUR_SORUSU,KitapPusula-V6,eğitim
KitapPusula ile kitap açıklamasından tür tahmin et,kitappusula ile kitap aciklamasindan tur tahmin et,YENI_KITAP_SINIFLANDIR,KitapPusula-V6,eğitim
bu kitabın yazarı kim hatırlatır mısın,bu kitabin yazari kim hatirlatir misin,YAZAR_SORUSU,KitapPusula-V6,eğitim
romanda başına neler geliyor kısaca söyler misin,romanda basina neler geliyor kisaca soyler misin,OLAY_SORUSU,KitapPusula-V6,eğitim
merhaba sana da,merhaba sana da,SELAMLAMA,KitapPusula-V6,eğitim
bu kitap ne anlatıyor lütfen,bu kitap ne anlatiyor lutfen,OZET_SORUSU,KitapPusula-V6,eğitim
hangi kitap türlerini ayırıyor şu anda,hangi kitap turlerini ayiriyor su anda,KATEGORI_LISTESI,KitapPusula-V6,eğitim
iyi geceler sana da,iyi geceler sana da,SELAMLAMA,KitapPusula-V6,eğitim
son olarak son haberler neler söyler misin,son olarak son haberler neler soyler misin,HABER_SORUSU,KitapPusula-Final-özel,eğitim
teşekkürler,tesekkurler,TESEKKUR,KitapPusula-Final-özel,eğitim
bazen sana bir şey anlatacağım şimdi,bazen sana bir sey anlatacagim simdi,GENEL_SOHBET,KitapPusula-Final-özel,eğitim
şu anda ne zamandır varsın lütfen,su anda ne zamandir varsin lutfen,BOT_YAS,KitapPusula-Final-özel,eğitim
kısaca hangi konularda yardımcı olursun,kisaca hangi konularda yardimci olursun,BOT_YETENEK,KitapPusula-Final-özel,eğitim
gerçekten minnettarım,gercekten minnettarim,TESEKKUR,KitapPusula-Final-özel,eğitim
bu kitap türü ne söyler misin,bu kitap turu ne soyler misin,TUR_SORUSU,KitapPusula-V6,eğitim
fotoğraf düzenle olur mu,fotograf duzenle olur mu,ALAN_DISI,KitapPusula-Final-özel,eğitim
bu kitabın kimin eseri hatırlatır mısın,bu kitabin kimin eseri hatirlatir misin,YAZAR_SORUSU,KitapPusula-V6,eğitim
bu sistem her kitabı bulabiliyor musun,bu sistem her kitabi bulabiliyor musun,HER_KITAP_SORUSU,KitapPusula-V6,eğitim
merak ettim hangi konularda yardımcı olursun lütfen,merak ettim hangi konularda yardimci olursun lutfen,BOT_YETENEK,KitapPusula-Final-özel,eğitim
bu kitapta bu olayın sebebi ne,bu kitapta bu olayin sebebi ne,OLAY_SORUSU,KitapPusula-V6,eğitim
şu an biraz muhabbet edelim aslında,su an biraz muhabbet edelim aslinda,GENEL_SOHBET,KitapPusula-Final-özel,eğitim
sanırım kitaplardan konuşmayı seviyorum aslında,sanirim kitaplardan konusmayi seviyorum aslinda,GENEL_SOHBET,KitapPusula-Final-özel,eğitim
yazar tür sayfa ve özeti söyle bir kez daha,yazar tur sayfa ve ozeti soyle bir kez daha,TEKRAR_GOSTER,KitapPusula-V6,eğitim
az önceki kitap türü ne,az onceki kitap turu ne,TUR_SORUSU,KitapPusula-V6,eğitim
bu eserin hangi yazar yazdı söyler misin,bu eserin hangi yazar yazdi soyler misin,YAZAR_SORUSU,KitapPusula-V6,eğitim
abd de bugün en son değişiklikler neler,abd de bugun en son degisiklikler neler,HABER_SORUSU,MASSIVE-tr-TR,eğitim
acaba nerede bulunuyorsun lütfen,acaba nerede bulunuyorsun lutfen,BOT_KONUM,KitapPusula-Final-özel,eğitim
söyler misin seni kim yaptı bana,soyler misin seni kim yapti bana,BOT_YARATICI,KitapPusula-Final-özel,eğitim
aynı kartı yeniden aç,ayni karti yeniden ac,TEKRAR_GOSTER,KitapPusula-V6,eğitim
o zaman hoşça kal sonra,o zaman hosca kal sonra,VEDA,KitapPusula-Final-özel,eğitim
bütün bilgileri göster,butun bilgileri goster,TEKRAR_GOSTER,KitapPusula-V6,eğitim
iyi geceler bugün de,iyi geceler bugun de,SELAMLAMA,KitapPusula-V6,eğitim
az önceki kitap ne kadar uzun,az onceki kitap ne kadar uzun,SAYFA_SORUSU,KitapPusula-V6,eğitim
performans metrikleri ne,performans metrikleri ne,MODEL_BILGISI,KitapPusula-V6,eğitim
biraz önce hangi eser açık,biraz once hangi eser acik,KITAP_ADI_SORUSU,KitapPusula-V6,eğitim
KitapPusula dünyadaki tüm eserleri tanıyor mu gerçekten,kitappusula dunyadaki tum eserleri taniyor mu gercekten,HER_KITAP_SORUSU,KitapPusula-V6,eğitim
başka zaman devam edelim sonra,baska zaman devam edelim sonra,VEDA,KitapPusula-Final-özel,eğitim
macro f1 kaç söyler misin,macro f1 kac soyler misin,MODEL_BILGISI,KitapPusula-V6,eğitim
yerel veri tabanında kitap havuzu ne kadar büyük söyler misin,yerel veri tabaninda kitap havuzu ne kadar buyuk soyler misin,KITAP_SAYISI,KitapPusula-V6,eğitim
bu romanda kahramanın adı ne söyler misin,bu romanda kahramanin adi ne soyler misin,KARAKTER_SORUSU,KitapPusula-V6,eğitim
bu eserin yazan kişi kim,bu eserin yazan kisi kim,YAZAR_SORUSU,KitapPusula-V6,eğitim
bir tane beni güldür,bir tane beni guldur,SAKA_ISTEGI,KitapPusula-Final-özel,eğitim
merak ettim arkanda kim var lütfen,merak ettim arkanda kim var lutfen,BOT_YARATICI,KitapPusula-Final-özel,eğitim
bana kısa bir fıkra anlat lütfen,bana kisa bir fikra anlat lutfen,SAKA_ISTEGI,KitapPusula-Final-özel,eğitim
bu kitapta olaylar nasıl gelişiyor,bu kitapta olaylar nasil gelisiyor,OLAY_SORUSU,KitapPusula-V6,eğitim
bu sistem istediğim her eseri getirebilir mi,bu sistem istedigim her eseri getirebilir mi,HER_KITAP_SORUSU,KitapPusula-V6,eğitim
söyler misin sen kimsin lütfen,soyler misin sen kimsin lutfen,BOT_KIMLIK,KitapPusula-Final-özel,eğitim
lütfen bütün bilgileri göster lütfen,lutfen butun bilgileri goster lutfen,TEKRAR_GOSTER,KitapPusula-V6,eğitim
söyler misin ne zamandır varsın,soyler misin ne zamandir varsin,BOT_YAS,KitapPusula-Final-özel,eğitim
patates püresi ne kadar zamanda pişer,patates puresi ne kadar zamanda piser,YEMEK_TARIFI_SORUSU,MASSIVE-tr-TR,eğitim
neye bakıyorduk hatırlatır mısın,neye bakiyorduk hatirlatir misin,KITAP_ADI_SORUSU,KitapPusula-V6,eğitim
az önceki kitap için ek bilgi paylaş,az onceki kitap icin ek bilgi paylas,DETAY_SORUSU,KitapPusula-V6,eğitim
söyler misin hangi görevleri yaparsın,soyler misin hangi gorevleri yaparsin,BOT_YETENEK,KitapPusula-Final-özel,eğitim
bu eser okuması uzun sürer mi hatırlatır mısın,bu eser okumasi uzun surer mi hatirlatir misin,SAYFA_SORUSU,KitapPusula-V6,eğitim
austin'de mevcut sıcaklık nedir,austin de mevcut sicaklik nedir,HAVA_SORUSU,MASSIVE-tr-TR,eğitim
seni kim kodladı lütfen,seni kim kodladi lutfen,BOT_YARATICI,KitapPusula-Final-özel,eğitim
bana özelliklerini anlat lütfen,bana ozelliklerini anlat lutfen,YARDIM,KitapPusula-V6,eğitim
söyler misin ne yapabilirsin,soyler misin ne yapabilirsin,BOT_YETENEK,KitapPusula-Final-özel,eğitim
yeniden selam orada mısın,yeniden selam orada misin,SELAMLAMA,KitapPusula-V6,eğitim
model hangi türleri biliyor şu anda,model hangi turleri biliyor su anda,KATEGORI_LISTESI,KitapPusula-V6,eğitim
bu eser hangi kategoride söyler misin,bu eser hangi kategoride soyler misin,TUR_SORUSU,KitapPusula-V6,eğitim
kitap modeli için başarı oranı nedir,kitap modeli icin basari orani nedir,MODEL_BILGISI,KitapPusula-V6,eğitim
bu eser hacmi ne kadar,bu eser hacmi ne kadar,SAYFA_SORUSU,KitapPusula-V6,eğitim
selam orada mısın,selam orada misin,SELAMLAMA,KitapPusula-V6,eğitim
kar bu gece gelecek mi,kar bu gece gelecek mi,HAVA_SORUSU,MASSIVE-tr-TR,eğitim
verdiğin cevap için çok yardımcı oldun KitapPusula,verdigin cevap icin cok yardimci oldun kitappusula,TESEKKUR,KitapPusula-Final-özel,eğitim
tekrar merhaba,tekrar merhaba,SELAMLAMA,KitapPusula-V6,eğitim
ne kadar kitap biliyorsun,ne kadar kitap biliyorsun,KITAP_SAYISI,KitapPusula-V6,eğitim
etiketsiz kitabın kategorisini bul lütfen,etiketsiz kitabin kategorisini bul lutfen,YENI_KITAP_SINIFLANDIR,KitapPusula-V6,eğitim
yorumuna göre yazar bunu neden yazmış olabilir yorumlar mısın,yorumuna gore yazar bunu neden yazmis olabilir yorumlar misin,SERBEST_KITAP_SORUSU,KitapPusula-V6,eğitim
merak ettim bir yaşın var mı lütfen,merak ettim bir yasin var mi lutfen,BOT_YAS,KitapPusula-Final-özel,eğitim
bu kitap içeriğinden bahset anlatır mısın,bu kitap iceriginden bahset anlatir misin,OZET_SORUSU,KitapPusula-V6,eğitim
KitapPusula her kitabı bulabiliyor musun gerçekten,kitappusula her kitabi bulabiliyor musun gercekten,HER_KITAP_SORUSU,KitapPusula-V6,eğitim
kitap sayısı kaç şu anda,kitap sayisi kac su anda,KITAP_SAYISI,KitapPusula-V6,eğitim
bana biraz peynir ve bal ihtiva eden makarna pişir,bana biraz peynir ve bal ihtiva eden makarna pisir,YEMEK_TARIFI_SORUSU,MASSIVE-tr-TR,eğitim
nereden başlamalıyım lütfen,nereden baslamaliyim lutfen,YARDIM,KitapPusula-V6,eğitim
bu kitap konusu ne,bu kitap konusu ne,OZET_SORUSU,KitapPusula-V6,eğitim
pizza yapmak için neler gerekli,pizza yapmak icin neler gerekli,YEMEK_TARIFI_SORUSU,MASSIVE-tr-TR,eğitim
sen sınırsız kitaba erişebiliyor mu şu anda,sen sinirsiz kitaba erisebiliyor mu su anda,HER_KITAP_SORUSU,KitapPusula-V6,eğitim
az önceki kitap için bütün bilgileri göster lütfen,az onceki kitap icin butun bilgileri goster lutfen,TEKRAR_GOSTER,KitapPusula-V6,eğitim
verdiğin cevap için çok sağ ol sana,verdigin cevap icin cok sag ol sana,TESEKKUR,KitapPusula-Final-özel,eğitim
lahmacun yapmayı anlat,lahmacun yapmayi anlat,YEMEK_TARIFI_SORUSU,MASSIVE-tr-TR,eğitim
merhaba orada mısın,merhaba orada misin,SELAMLAMA,KitapPusula-V6,eğitim
ne haber bakalım,ne haber bakalim,NASILSIN,KitapPusula-V6,eğitim
karşımda kim var,karsimda kim var,BOT_KIMLIK,KitapPusula-Final-özel,eğitim
merak ettim nerede yaşıyorsun,merak ettim nerede yasiyorsun,BOT_KONUM,KitapPusula-Final-özel,eğitim
bu eserle ilgili detaylandır mümkünse,bu eserle ilgili detaylandir mumkunse,DETAY_SORUSU,KitapPusula-V6,eğitim
toplam kaç eser bulunuyor şu anda,toplam kac eser bulunuyor su anda,KITAP_SAYISI,KitapPusula-V6,eğitim
az önce seçtiğimiz kitabın adı ne,az once sectigimiz kitabin adi ne,KITAP_ADI_SORUSU,KitapPusula-V6,eğitim
bu kitabın sahibi hangi yazar hatırlatır mısın,bu kitabin sahibi hangi yazar hatirlatir misin,YAZAR_SORUSU,KitapPusula-V6,eğitim
sanırım biraz sohbet etmek istiyorum aslında,sanirim biraz sohbet etmek istiyorum aslinda,GENEL_SOHBET,KitapPusula-Final-özel,eğitim
bana kısa bir fıkra anlat,bana kisa bir fikra anlat,SAKA_ISTEGI,KitapPusula-Final-özel,eğitim
az önceki kitap okuması uzun sürer mi,az onceki kitap okumasi uzun surer mi,SAYFA_SORUSU,KitapPusula-V6,eğitim
verdiğin cevap için sağ ol sana,verdigin cevap icin sag ol sana,TESEKKUR,KitapPusula-Final-özel,eğitim
önümüzdeki cumartesi ayın kaçı,onumuzdeki cumartesi ayin kaci,TARIH_SAAT_SORUSU,MASSIVE-tr-TR,eğitim
bu kitap hacmi ne kadar,bu kitap hacmi ne kadar,SAYFA_SORUSU,KitapPusula-V6,eğitim
az önceki kitap için bütün bilgileri göster,az onceki kitap icin butun bilgileri goster,TEKRAR_GOSTER,KitapPusula-V6,eğitim
bu kitapta anlatılan kişi kim,bu kitapta anlatilan kisi kim,KARAKTER_SORUSU,KitapPusula-V6,eğitim
lütfen hepsini tekrar et,lutfen hepsini tekrar et,TEKRAR_GOSTER,KitapPusula-V6,eğitim
ne işe yarıyorsun lütfen,ne ise yariyorsun lutfen,BOT_YETENEK,KitapPusula-Final-özel,eğitim
son kitap hangisiydi,son kitap hangisiydi,KITAP_ADI_SORUSU,KitapPusula-V6,eğitim
Diyet,diyet,KITAP_ARAMA,KitapPusula-V6,eğitim
bütün bir hindiyi kızartmak için doğru sıcaklığı bul,butun bir hindiyi kizartmak icin dogru sicakligi bul,YEMEK_TARIFI_SORUSU,MASSIVE-tr-TR,eğitim
bu eserin müellifi kim söyler misin,bu eserin muellifi kim soyler misin,YAZAR_SORUSU,KitapPusula-V6,eğitim
iyi misin bakalım,iyi misin bakalim,NASILSIN,KitapPusula-V6,eğitim
söyler misin evin nerede lütfen,soyler misin evin nerede lutfen,BOT_KONUM,KitapPusula-Final-özel,eğitim
hangi soruları sorabilirim lütfen,hangi sorulari sorabilirim lutfen,YARDIM,KitapPusula-V6,eğitim
iyi akşamlar sana da,iyi aksamlar sana da,SELAMLAMA,KitapPusula-V6,eğitim
bana beni güldür lütfen,bana beni guldur lutfen,SAKA_ISTEGI,KitapPusula-Final-özel,eğitim
selamlar sana da,selamlar sana da,SELAMLAMA,KitapPusula-V6,eğitim
lütfen bana yazılım geliştir olur mu,lutfen bana yazilim gelistir olur mu,ALAN_DISI,KitapPusula-Final-özel,eğitim
telefon tamirini anlat olur mu,telefon tamirini anlat olur mu,ALAN_DISI,KitapPusula-Final-özel,eğitim
merak ettim yaşlı mısın lütfen,merak ettim yasli misin lutfen,BOT_YAS,KitapPusula-Final-özel,eğitim
iphone hakkında son haberleri araştır,iphone hakkinda son haberleri arastir,HABER_SORUSU,MASSIVE-tr-TR,eğitim
bugün nasılsın,bugun nasilsin,NASILSIN,KitapPusula-V6,eğitim
bu eserle ilgili detaylandır,bu eserle ilgili detaylandir,DETAY_SORUSU,KitapPusula-V6,eğitim
Şeker Portakalı,seker portakali,KITAP_ARAMA,KitapPusula-V6,eğitim
açıklar mısın hangi sistemsin,aciklar misin hangi sistemsin,BOT_KIMLIK,KitapPusula-Final-özel,eğitim
merak ettim sen bir robot musun lütfen,merak ettim sen bir robot musun lutfen,BOT_KIMLIK,KitapPusula-Final-özel,eğitim
o zaman başka zaman devam edelim sonra,o zaman baska zaman devam edelim sonra,VEDA,KitapPusula-Final-özel,eğitim
Yüzyıllık Yalnızlık,yuzyillik yalnizlik,KITAP_ARAMA,KitapPusula-V6,eğitim
model bilgilerini göster ayrıntılı anlat,model bilgilerini goster ayrintili anlat,MODEL_BILGISI,KitapPusula-V6,eğitim
kitap modeli için model nasıl çalışıyor ayrıntılı anlat,kitap modeli icin model nasil calisiyor ayrintili anlat,MODEL_BILGISI,KitapPusula-V6,eğitim
sınıflandırıcı hangi türleri biliyor şu anda,siniflandirici hangi turleri biliyor su anda,KATEGORI_LISTESI,KitapPusula-V6,eğitim
bu kitap hangi edebî sınıfa giriyor,bu kitap hangi edeb sinifa giriyor,TUR_SORUSU,KitapPusula-V6,eğitim
bana alışveriş listesi oluştur olur mu,bana alisveris listesi olustur olur mu,ALAN_DISI,KitapPusula-Final-özel,eğitim
verdiğin cevap için minnettarım KitapPusula,verdigin cevap icin minnettarim kitappusula,TESEKKUR,KitapPusula-Final-özel,eğitim
kısaca özelliklerini anlat,kisaca ozelliklerini anlat,YARDIM,KitapPusula-V6,eğitim
bugün güncel gelişmeler neler lütfen,bugun guncel gelismeler neler lutfen,HABER_SORUSU,KitapPusula-Final-özel,eğitim
sen bütün kitapları biliyor mu gerçekten,sen butun kitaplari biliyor mu gercekten,HER_KITAP_SORUSU,KitapPusula-V6,eğitim
bana nasıl kullanılır lütfen,bana nasil kullanilir lutfen,YARDIM,KitapPusula-V6,eğitim
bu kitap kime ait,bu kitap kime ait,YAZAR_SORUSU,KitapPusula-V6,eğitim
KitapPusula ile açıklamayı sınıfa ayır lütfen,kitappusula ile aciklamayi sinifa ayir lutfen,YENI_KITAP_SINIFLANDIR,KitapPusula-V6,eğitim
emeğine sağlık,emegine saglik,TESEKKUR,KitapPusula-Final-özel,eğitim
merak ettim kim olduğunu anlat,merak ettim kim oldugunu anlat,BOT_KIMLIK,KitapPusula-Final-özel,eğitim
bu eser sayfa sayısı kaç hatırlatır mısın,bu eser sayfa sayisi kac hatirlatir misin,SAYFA_SORUSU,KitapPusula-V6,eğitim
olly bugün hava nasıl,olly bugun hava nasil,HAVA_SORUSU,MASSIVE-tr-TR,eğitim
bana hangi soruları sorabilirim,bana hangi sorulari sorabilirim,YARDIM,KitapPusula-V6,eğitim
bu kitapta öne çıkan karakter kim,bu kitapta one cikan karakter kim,KARAKTER_SORUSU,KitapPusula-V6,eğitim
yeni tahmin yap lütfen,yeni tahmin yap lutfen,YENI_KITAP_SINIFLANDIR,KitapPusula-V6,eğitim
hadi bir espri patlat,hadi bir espri patlat,SAKA_ISTEGI,KitapPusula-Final-özel,eğitim
bugün haberlerde ne var,bugun haberlerde ne var,HABER_SORUSU,KitapPusula-Final-özel,eğitim
yorumuna göre verilmek istenen mesaj ne olabilir,yorumuna gore verilmek istenen mesaj ne olabilir,SERBEST_KITAP_SORUSU,KitapPusula-V6,eğitim
romanda sonunda ne oluyor kısaca söyler misin,romanda sonunda ne oluyor kisaca soyler misin,OLAY_SORUSU,KitapPusula-V6,eğitim
bu eser uzun bir kitap mı söyler misin,bu eser uzun bir kitap mi soyler misin,SAYFA_SORUSU,KitapPusula-V6,eğitim
hemen matematik sorusu çöz olur mu,hemen matematik sorusu coz olur mu,ALAN_DISI,KitapPusula-Final-özel,eğitim
kısaca sen nesin lütfen,kisaca sen nesin lutfen,BOT_KIMLIK,KitapPusula-Final-özel,eğitim
artık ben çıkıyorum,artik ben cikiyorum,VEDA,KitapPusula-Final-özel,eğitim
karşımda kim var lütfen,karsimda kim var lutfen,BOT_KIMLIK,KitapPusula-Final-özel,eğitim
bugün nasılsın KitapPusula,bugun nasilsin kitappusula,NASILSIN,KitapPusula-V6,eğitim
romanda ana olay nedir anlatır mısın,romanda ana olay nedir anlatir misin,OLAY_SORUSU,KitapPusula-V6,eğitim
açıkçası seninle konuşmak güzel şimdi,acikcasi seninle konusmak guzel simdi,GENEL_SOHBET,KitapPusula-Final-özel,eğitim
modelle metinden kitap türü çıkar lütfen,modelle metinden kitap turu cikar lutfen,YENI_KITAP_SINIFLANDIR,KitapPusula-V6,eğitim
sence eserin duygusu nasıl yorumlar mısın,sence eserin duygusu nasil yorumlar misin,SERBEST_KITAP_SORUSU,KitapPusula-V6,eğitim
naber,naber,NASILSIN,KitapPusula-V6,eğitim
bu kitap konusu ne anlatır mısın,bu kitap konusu ne anlatir misin,OZET_SORUSU,KitapPusula-V6,eğitim
şu anda yaşın kaç şu anda,su anda yasin kac su anda,BOT_YAS,KitapPusula-Final-özel,eğitim
bugün öğleden sonra paltoya ihtiyacım olacak mı,bugun ogleden sonra paltoya ihtiyacim olacak mi,HAVA_SORUSU,MASSIVE-tr-TR,eğitim
hava bugün nasıl,hava bugun nasil,HAVA_SORUSU,MASSIVE-tr-TR,eğitim
sanırım seninle konuşmak güzel,sanirim seninle konusmak guzel,GENEL_SOHBET,KitapPusula-Final-özel,eğitim
yorumuna göre bu eserden ne ders çıkarılır kısaca değerlendir,yorumuna gore bu eserden ne ders cikarilir kisaca degerlendir,SERBEST_KITAP_SORUSU,KitapPusula-V6,eğitim
sen istediğim her eseri getirebilir mi şu anda,sen istedigim her eseri getirebilir mi su anda,HER_KITAP_SORUSU,KitapPusula-V6,eğitim
hey sana da,hey sana da,SELAMLAMA,KitapPusula-V6,eğitim
şimdilik tekrar görüşmek üzere sonra,simdilik tekrar gorusmek uzere sonra,VEDA,KitapPusula-Final-özel,eğitim
KitapPusula ile kitap açıklamasından tür tahmin et lütfen,kitappusula ile kitap aciklamasindan tur tahmin et lutfen,YENI_KITAP_SINIFLANDIR,KitapPusula-V6,eğitim
yorumuna göre bu eserden ne ders çıkarılır yorumlar mısın,yorumuna gore bu eserden ne ders cikarilir yorumlar misin,SERBEST_KITAP_SORUSU,KitapPusula-V6,eğitim
sen dünyadaki tüm eserleri tanıyor mu,sen dunyadaki tum eserleri taniyor mu,HER_KITAP_SORUSU,KitapPusula-V6,eğitim
bu kitap neyi konu alıyor lütfen,bu kitap neyi konu aliyor lutfen,OZET_SORUSU,KitapPusula-V6,eğitim
biftek için iyi bir tarif bul,biftek icin iyi bir tarif bul,YEMEK_TARIFI_SORUSU,MASSIVE-tr-TR,eğitim
bu kitap hikâyesi ne,bu kitap hik yesi ne,OZET_SORUSU,KitapPusula-V6,eğitim
sistemde kaç kitabı arayabiliyorsun söyler misin,sistemde kac kitabi arayabiliyorsun soyler misin,KITAP_SAYISI,KitapPusula-V6,eğitim
az önce neye bakıyorduk hatırlatır mısın,az once neye bakiyorduk hatirlatir misin,KITAP_ADI_SORUSU,KitapPusula-V6,eğitim
bu kitap hikâyesi ne anlatır mısın,bu kitap hik yesi ne anlatir misin,OZET_SORUSU,KitapPusula-V6,eğitim
türü neydi,turu neydi,TUR_SORUSU,KitapPusula-V6,eğitim
sence yazar bunu neden yazmış olabilir,sence yazar bunu neden yazmis olabilir,SERBEST_KITAP_SORUSU,KitapPusula-V6,eğitim
lütfen bilgileri baştan yaz lütfen,lutfen bilgileri bastan yaz lutfen,TEKRAR_GOSTER,KitapPusula-V6,eğitim
bu eserle ilgili daha fazla detay ver lütfen,bu eserle ilgili daha fazla detay ver lutfen,DETAY_SORUSU,KitapPusula-V6,eğitim
söyler misin nerede yaşıyorsun şu anda,soyler misin nerede yasiyorsun su anda,BOT_KONUM,KitapPusula-Final-özel,eğitim
kısa bir fıkra anlat lütfen,kisa bir fikra anlat lutfen,SAKA_ISTEGI,KitapPusula-Final-özel,eğitim
bana nasıl kullanılır anlatır mısın,bana nasil kullanilir anlatir misin,YARDIM,KitapPusula-V6,eğitim
lütfen detayları yeniden göster,lutfen detaylari yeniden goster,TEKRAR_GOSTER,KitapPusula-V6,eğitim
merhaba,merhaba,SELAMLAMA,KitapPusula-V6,eğitim
alışveriş listesi oluştur istiyorum,alisveris listesi olustur istiyorum,ALAN_DISI,KitapPusula-Final-özel,eğitim
dokuz haberlerinde ne var,dokuz haberlerinde ne var,HABER_SORUSU,MASSIVE-tr-TR,eğitim
bu kitap hakkında ek bilgi paylaş lütfen,bu kitap hakkinda ek bilgi paylas lutfen,DETAY_SORUSU,KitapPusula-V6,eğitim
bana yol göster,bana yol goster,YARDIM,KitapPusula-V6,eğitim
lütfen şaka yap olur mu,lutfen saka yap olur mu,SAKA_ISTEGI,KitapPusula-Final-özel,eğitim
hangi kitaptan söz ettik söyler misin,hangi kitaptan soz ettik soyler misin,KITAP_ADI_SORUSU,KitapPusula-V6,eğitim
söyler misin senden ne isteyebilirim,soyler misin senden ne isteyebilirim,BOT_YETENEK,KitapPusula-Final-özel,eğitim
on beş nisan hafta sonu mu,on bes nisan hafta sonu mu,TARIH_SAAT_SORUSU,MASSIVE-tr-TR,eğitim
kaç parametre öğrendi,kac parametre ogrendi,MODEL_BILGISI,KitapPusula-V6,eğitim
bana komutları göster anlatır mısın,bana komutlari goster anlatir misin,YARDIM,KitapPusula-V6,eğitim
bu kitabın yazarı kim söyler misin,bu kitabin yazari kim soyler misin,YAZAR_SORUSU,KitapPusula-V6,eğitim
yorumuna göre karakterin davranışı nasıl değerlendirilebilir,yorumuna gore karakterin davranisi nasil degerlendirilebilir,SERBEST_KITAP_SORUSU,KitapPusula-V6,eğitim
şehrimizdeki hava durumunu belirt,sehrimizdeki hava durumunu belirt,HAVA_SORUSU,MASSIVE-tr-TR,eğitim
Karamazov Kardeşler,karamazov kardesler,KITAP_ARAMA,KitapPusula-V6,eğitim
söyler misin hangi ortamda çalışıyorsun,soyler misin hangi ortamda calisiyorsun,BOT_KONUM,KitapPusula-Final-özel,eğitim
bana nasıl yardım edersin lütfen,bana nasil yardim edersin lutfen,BOT_YETENEK,KitapPusula-Final-özel,eğitim
Harry Potter ve Felsefe Taşı,harry potter ve felsefe tasi,KITAP_ARAMA,KitapPusula-V6,eğitim
bu romanda öne çıkan karakter kim,bu romanda one cikan karakter kim,KARAKTER_SORUSU,KitapPusula-V6,eğitim
sanırım sohbetimiz güzel gidiyor şimdi,sanirim sohbetimiz guzel gidiyor simdi,GENEL_SOHBET,KitapPusula-Final-özel,eğitim
hemen oyun kodu geliştir,hemen oyun kodu gelistir,ALAN_DISI,KitapPusula-Final-özel,eğitim
bu kitapta kahraman neden yola çıkıyor kısaca söyler misin,bu kitapta kahraman neden yola cikiyor kisaca soyler misin,OLAY_SORUSU,KitapPusula-V6,eğitim
bu kitap hakkında konuyu daha geniş açıkla mümkünse,bu kitap hakkinda konuyu daha genis acikla mumkunse,DETAY_SORUSU,KitapPusula-V6,eğitim
söyler misin hangi konularda yardımcı olursun,soyler misin hangi konularda yardimci olursun,BOT_YETENEK,KitapPusula-Final-özel,eğitim
iyi günler orada mısın,iyi gunler orada misin,SELAMLAMA,KitapPusula-V6,eğitim
yorumuna göre verilmek istenen mesaj ne olabilir kısaca değerlendir,yorumuna gore verilmek istenen mesaj ne olabilir kisaca degerlendir,SERBEST_KITAP_SORUSU,KitapPusula-V6,eğitim
merak ettim hangi ülkedesin lütfen,merak ettim hangi ulkedesin lutfen,BOT_KONUM,KitapPusula-Final-özel,eğitim
modelle yeni kitap sınıflandır lütfen,modelle yeni kitap siniflandir lutfen,YENI_KITAP_SINIFLANDIR,KitapPusula-V6,eğitim
açıkçası kitaplardan konuşmayı seviyorum aslında,acikcasi kitaplardan konusmayi seviyorum aslinda,GENEL_SOHBET,KitapPusula-Final-özel,eğitim
niyet modeli için model bilgilerini göster,niyet modeli icin model bilgilerini goster,MODEL_BILGISI,KitapPusula-V6,eğitim
kullanım seçeneklerini ver,kullanim seceneklerini ver,YARDIM,KitapPusula-V6,eğitim
az önceki kitap kısa özetini ver,az onceki kitap kisa ozetini ver,OZET_SORUSU,KitapPusula-V6,eğitim
kitap havuzu ne kadar büyük söyler misin,kitap havuzu ne kadar buyuk soyler misin,KITAP_SAYISI,KitapPusula-V6,eğitim
bugün moralin nasıl bakalım,bugun moralin nasil bakalim,NASILSIN,KitapPusula-V6,eğitim
Sefiller,sefiller,KITAP_ARAMA,KitapPusula-V6,eğitim
bu kitap hakkında biraz daha ayrıntı anlat,bu kitap hakkinda biraz daha ayrinti anlat,DETAY_SORUSU,KitapPusula-V6,eğitim
bu kitap ne kadar uzun hatırlatır mısın,bu kitap ne kadar uzun hatirlatir misin,SAYFA_SORUSU,KitapPusula-V6,eğitim
bu eserle ilgili daha derin bilgi ver,bu eserle ilgili daha derin bilgi ver,DETAY_SORUSU,KitapPusula-V6,eğitim
bu eser hangi türe ait,bu eser hangi ture ait,TUR_SORUSU,KitapPusula-V6,eğitim
sence kitap kimlere uygun kısaca değerlendir,sence kitap kimlere uygun kisaca degerlendir,SERBEST_KITAP_SORUSU,KitapPusula-V6,eğitim
bugün mont giymeme gerek var mı,bugun mont giymeme gerek var mi,HAVA_SORUSU,MASSIVE-tr-TR,eğitim
sistemde kaç kitap var,sistemde kac kitap var,KITAP_SAYISI,KitapPusula-V6,eğitim
az önceki kitap roman mı hikâye mi,az onceki kitap roman mi hik ye mi,TUR_SORUSU,KitapPusula-V6,eğitim
nasılsın KitapPusula,nasilsin kitappusula,NASILSIN,KitapPusula-V6,eğitim
günaydın,gunaydin,SELAMLAMA,KitapPusula-V6,eğitim
ne kadar süre pişiriyorsun,ne kadar sure pisiriyorsun,YEMEK_TARIFI_SORUSU,MASSIVE-tr-TR,eğitim
bu eserin yazarının adı ne,bu eserin yazarinin adi ne,YAZAR_SORUSU,KitapPusula-V6,eğitim
sanırım biraz sohbet etmek istiyorum şimdi,sanirim biraz sohbet etmek istiyorum simdi,GENEL_SOHBET,KitapPusula-Final-özel,eğitim
az önce neye bakıyorduk söyler misin,az once neye bakiyorduk soyler misin,KITAP_ADI_SORUSU,KitapPusula-V6,eğitim
söyler misin bu uygulamayı yapan kim,soyler misin bu uygulamayi yapan kim,BOT_YARATICI,KitapPusula-Final-özel,eğitim
modelle açıklamayı sınıfa ayır başlat,modelle aciklamayi sinifa ayir baslat,YENI_KITAP_SINIFLANDIR,KitapPusula-V6,eğitim
sence karakterin davranışı nasıl değerlendirilebilir yorumlar mısın,sence karakterin davranisi nasil degerlendirilebilir yorumlar misin,SERBEST_KITAP_SORUSU,KitapPusula-V6,eğitim
tam pişmiş yumurta için gerekli süre ne kadar,tam pismis yumurta icin gerekli sure ne kadar,YEMEK_TARIFI_SORUSU,MASSIVE-tr-TR,eğitim
bugün iyi misin KitapPusula,bugun iyi misin kitappusula,NASILSIN,KitapPusula-V6,eğitim
bu romanda kahramanın adı ne hatırlatır mısın,bu romanda kahramanin adi ne hatirlatir misin,KARAKTER_SORUSU,KitapPusula-V6,eğitim
kısaca yardım et,kisaca yardim et,YARDIM,KitapPusula-V6,eğitim
lütfen kitap bilgisini yinele bir kez daha,lutfen kitap bilgisini yinele bir kez daha,TEKRAR_GOSTER,KitapPusula-V6,eğitim
söyler misin kim olduğunu anlat bana,soyler misin kim oldugunu anlat bana,BOT_KIMLIK,KitapPusula-Final-özel,eğitim
bu eser kısa özetini ver anlatır mısın,bu eser kisa ozetini ver anlatir misin,OZET_SORUSU,KitapPusula-V6,eğitim
bu kitap kaç sayfa,bu kitap kac sayfa,SAYFA_SORUSU,KitapPusula-V6,eğitim
ayrıntılı olarak özelliklerin neler lütfen,ayrintili olarak ozelliklerin neler lutfen,BOT_YETENEK,KitapPusula-Final-özel,eğitim
bu kitapta hikâye nasıl bitiyor anlatır mısın,bu kitapta hik ye nasil bitiyor anlatir misin,OLAY_SORUSU,KitapPusula-V6,eğitim
patatesleri doğru kesmeyi öğren,patatesleri dogru kesmeyi ogren,YEMEK_TARIFI_SORUSU,MASSIVE-tr-TR,eğitim
bu kitap hakkında konuyu daha geniş açıkla,bu kitap hakkinda konuyu daha genis acikla,DETAY_SORUSU,KitapPusula-V6,eğitim
bu romanda hangi karakterler var,bu romanda hangi karakterler var,KARAKTER_SORUSU,KitapPusula-V6,eğitim
hangi ülkedesin şu anda,hangi ulkedesin su anda,BOT_KONUM,KitapPusula-Final-özel,eğitim
merak ettim nasıl bir asistansın,merak ettim nasil bir asistansin,BOT_KIMLIK,KitapPusula-Final-özel,eğitim
şu anda güncel gelişmeler neler söyler misin,su anda guncel gelismeler neler soyler misin,HABER_SORUSU,KitapPusula-Final-özel,eğitim
bu eser edebî türü nedir söyler misin,bu eser edeb turu nedir soyler misin,TUR_SORUSU,KitapPusula-V6,eğitim
kullanım rehberini aç,kullanim rehberini ac,YARDIM,KitapPusula-V6,eğitim
şu anda ülke gündeminde neler var söyler misin,su anda ulke gundeminde neler var soyler misin,HABER_SORUSU,KitapPusula-Final-özel,eğitim
model kategori listesini ver şu anda,model kategori listesini ver su anda,KATEGORI_LISTESI,KitapPusula-V6,eğitim
bilinmeyen kitabın türünü belirle lütfen,bilinmeyen kitabin turunu belirle lutfen,YENI_KITAP_SINIFLANDIR,KitapPusula-V6,eğitim
bana yardım et anlatır mısın,bana yardim et anlatir misin,YARDIM,KitapPusula-V6,eğitim
yeni ne var,yeni ne var,HABER_SORUSU,MASSIVE-tr-TR,eğitim
şimdilik hoşça kal,simdilik hosca kal,VEDA,KitapPusula-Final-özel,eğitim
bu kitap ne anlatıyor,bu kitap ne anlatiyor,OZET_SORUSU,KitapPusula-V6,eğitim
kaç tür tanıyor,kac tur taniyor,KATEGORI_LISTESI,KitapPusula-V6,eğitim
On Küçük Zenci,on kucuk zenci,KITAP_ARAMA,KitapPusula-V6,eğitim
işler nasıl,isler nasil,NASILSIN,KitapPusula-V6,eğitim
o zaman hoşça kal KitapPusula,o zaman hosca kal kitappusula,VEDA,KitapPusula-Final-özel,eğitim
bana bir espri patlat olur mu,bana bir espri patlat olur mu,SAKA_ISTEGI,KitapPusula-Final-özel,eğitim
bay bay KitapPusula,bay bay kitappusula,VEDA,KitapPusula-Final-özel,eğitim
o zaman ben çıkıyorum KitapPusula,o zaman ben cikiyorum kitappusula,VEDA,KitapPusula-Final-özel,eğitim
bugün moralin nasıl,bugun moralin nasil,NASILSIN,KitapPusula-V6,eğitim
c. n. n. haberleri aç,c n n haberleri ac,HABER_SORUSU,MASSIVE-tr-TR,eğitim
bu eserin kimin eseri hatırlatır mısın,bu eserin kimin eseri hatirlatir misin,YAZAR_SORUSU,KitapPusula-V6,eğitim
niyet modeli için macro f1 kaç,niyet modeli icin macro f1 kac,MODEL_BILGISI,KitapPusula-V6,eğitim
bu kitapta baş karakter kimdir hatırlatır mısın,bu kitapta bas karakter kimdir hatirlatir misin,KARAKTER_SORUSU,KitapPusula-V6,eğitim
oyun kodu geliştir olur mu,oyun kodu gelistir olur mu,ALAN_DISI,KitapPusula-Final-özel,eğitim
konuşacak çok şey var şimdi,konusacak cok sey var simdi,GENEL_SOHBET,KitapPusula-Final-özel,eğitim
bu kitap hakkında daha derin bilgi ver,bu kitap hakkinda daha derin bilgi ver,DETAY_SORUSU,KitapPusula-V6,eğitim
kısaca hangi soruları anlayabilirsin anlatır mısın,kisaca hangi sorulari anlayabilirsin anlatir misin,BOT_YETENEK,KitapPusula-Final-özel,eğitim
bunu kim yazmış,bunu kim yazmis,YAZAR_SORUSU,KitapPusula-V6,eğitim
son olarak son dakika gelişmeleri neler lütfen,son olarak son dakika gelismeleri neler lutfen,HABER_SORUSU,KitapPusula-Final-özel,eğitim
bu kitapta bu olayın sebebi ne kısaca söyler misin,bu kitapta bu olayin sebebi ne kisaca soyler misin,OLAY_SORUSU,KitapPusula-V6,eğitim
kısaca senden ne isteyebilirim lütfen,kisaca senden ne isteyebilirim lutfen,BOT_YETENEK,KitapPusula-Final-özel,eğitim
bu eser konusu ne,bu eser konusu ne,OZET_SORUSU,KitapPusula-V6,eğitim
verdiğin cevap için emeğine sağlık KitapPusula,verdigin cevap icin emegine saglik kitappusula,TESEKKUR,KitapPusula-Final-özel,eğitim
bana yardım et lütfen,bana yardim et lutfen,YARDIM,KitapPusula-V6,eğitim
artık sonra konuşuruz sonra,artik sonra konusuruz sonra,VEDA,KitapPusula-Final-özel,eğitim
merak ettim ne işe yarıyorsun anlatır mısın,merak ettim ne ise yariyorsun anlatir misin,BOT_YETENEK,KitapPusula-Final-özel,eğitim
bu kitap hangi edebî sınıfa giriyor söyler misin,bu kitap hangi edeb sinifa giriyor soyler misin,TUR_SORUSU,KitapPusula-V6,eğitim
dürüm tarifi istiyorum,durum tarifi istiyorum,YEMEK_TARIFI_SORUSU,MASSIVE-tr-TR,eğitim
neye bakıyorduk söyler misin,neye bakiyorduk soyler misin,KITAP_ADI_SORUSU,KitapPusula-V6,eğitim
sence kitap hakkında ne düşünüyorsun yorumlar mısın,sence kitap hakkinda ne dusunuyorsun yorumlar misin,SERBEST_KITAP_SORUSU,KitapPusula-V6,eğitim
yardımın için cevabın faydalı oldu,yardimin icin cevabin faydali oldu,TESEKKUR,KitapPusula-Final-özel,eğitim
sınıflandırıcı edebî kategorileri göster,siniflandirici edeb kategorileri goster,KATEGORI_LISTESI,KitapPusula-V6,eğitim
bu kitap hakkında başka neler biliyorsun lütfen,bu kitap hakkinda baska neler biliyorsun lutfen,DETAY_SORUSU,KitapPusula-V6,eğitim
google dışarıda sıcaklık nasıl,google disarida sicaklik nasil,HAVA_SORUSU,MASSIVE-tr-TR,eğitim
model nasıl çalışıyor,model nasil calisiyor,MODEL_BILGISI,KitapPusula-V6,eğitim
küresel ısınma hakkındaki en son haberler nelerdir,kuresel isinma hakkindaki en son haberler nelerdir,HABER_SORUSU,MASSIVE-tr-TR,eğitim
seni kim kodladı bana,seni kim kodladi bana,BOT_YARATICI,KitapPusula-Final-özel,eğitim
hangi kitap türlerini ayırıyor söyler misin,hangi kitap turlerini ayiriyor soyler misin,KATEGORI_LISTESI,KitapPusula-V6,eğitim
bu eserle ilgili ayrıntılı anlat lütfen,bu eserle ilgili ayrintili anlat lutfen,DETAY_SORUSU,KitapPusula-V6,eğitim
hey orada mısın,hey orada misin,SELAMLAMA,KitapPusula-V6,eğitim
bu eserin hangi yazar yazdı hatırlatır mısın,bu eserin hangi yazar yazdi hatirlatir misin,YAZAR_SORUSU,KitapPusula-V6,eğitim
doğrudan arkanda kim var bana,dogrudan arkanda kim var bana,BOT_YARATICI,KitapPusula-Final-özel,eğitim
kitap modeli için cross validation sonucu nedir ayrıntılı anlat,kitap modeli icin cross validation sonucu nedir ayrintili anlat,MODEL_BILGISI,KitapPusula-V6,eğitim
o zaman görüşürüz sonra,o zaman gorusuruz sonra,VEDA,KitapPusula-Final-özel,eğitim
bugün güncel haberleri anlat,bugun guncel haberleri anlat,HABER_SORUSU,KitapPusula-Final-özel,eğitim
bu kitap okuması uzun sürer mi söyler misin,bu kitap okumasi uzun surer mi soyler misin,SAYFA_SORUSU,KitapPusula-V6,eğitim
saatin kaç olduğunu bilmek istiyorum,saatin kac oldugunu bilmek istiyorum,TARIH_SAAT_SORUSU,MASSIVE-tr-TR,eğitim
bu kitap hikâyesi ne lütfen,bu kitap hik yesi ne lutfen,OZET_SORUSU,KitapPusula-V6,eğitim
bana kısa bir fıkra anlat olur mu,bana kisa bir fikra anlat olur mu,SAKA_ISTEGI,KitapPusula-Final-özel,eğitim
kısaca Python kodu yaz olur mu,kisaca python kodu yaz olur mu,ALAN_DISI,KitapPusula-Final-özel,eğitim
sanırım biraz muhabbet edelim,sanirim biraz muhabbet edelim,GENEL_SOHBET,KitapPusula-Final-özel,eğitim
söyler misin yaratıcın kim,soyler misin yaraticin kim,BOT_YARATICI,KitapPusula-Final-özel,eğitim
ne işe yarıyorsun anlatır mısın,ne ise yariyorsun anlatir misin,BOT_YETENEK,KitapPusula-Final-özel,eğitim
artık hoşça kal KitapPusula,artik hosca kal kitappusula,VEDA,KitapPusula-Final-özel,eğitim
sen kimsin,sen kimsin,BOT_KIMLIK,KitapPusula-Final-özel,eğitim
bin dokuz yüz yetmiş iki noel hafta sonuna mı denk gelmişti,bin dokuz yuz yetmis iki noel hafta sonuna mi denk gelmisti,TARIH_SAAT_SORUSU,MASSIVE-tr-TR,eğitim
yorumuna göre kitap kimlere uygun yorumlar mısın,yorumuna gore kitap kimlere uygun yorumlar misin,SERBEST_KITAP_SORUSU,KitapPusula-V6,eğitim
verdiğin cevap için teşekkür ederim KitapPusula,verdigin cevap icin tesekkur ederim kitappusula,TESEKKUR,KitapPusula-Final-özel,eğitim
Santiago kim,santiago kim,KARAKTER_SORUSU,KitapPusula-V6,eğitim
az önceki kitap hangi kategoride,az onceki kitap hangi kategoride,TUR_SORUSU,KitapPusula-V6,eğitim
konuşacak çok şey var,konusacak cok sey var,GENEL_SOHBET,KitapPusula-Final-özel,eğitim
sence eserin duygusu nasıl kısaca değerlendir,sence eserin duygusu nasil kisaca degerlendir,SERBEST_KITAP_SORUSU,KitapPusula-V6,eğitim
tamam kendine iyi bak KitapPusula,tamam kendine iyi bak kitappusula,VEDA,KitapPusula-Final-özel,eğitim
hepsini tekrar et,hepsini tekrar et,TEKRAR_GOSTER,KitapPusula-V6,eğitim
bu eser edebî türü nedir,bu eser edeb turu nedir,TUR_SORUSU,KitapPusula-V6,eğitim
bu kitapta hikâyeyi taşıyan kişi kim hatırlatır mısın,bu kitapta hik yeyi tasiyan kisi kim hatirlatir misin,KARAKTER_SORUSU,KitapPusula-V6,eğitim
yirmi üçü hafta sonu mu,yirmi ucu hafta sonu mu,TARIH_SAAT_SORUSU,MASSIVE-tr-TR,eğitim
bana bu haftanın tahminlerini göster,bana bu haftanin tahminlerini goster,HAVA_SORUSU,MASSIVE-tr-TR,eğitim
bugün iyi misin,bugun iyi misin,NASILSIN,KitapPusula-V6,eğitim
metinden kitap türü çıkar lütfen,metinden kitap turu cikar lutfen,YENI_KITAP_SINIFLANDIR,KitapPusula-V6,eğitim
şifre kırmayı öğret istiyorum,sifre kirmayi ogret istiyorum,ALAN_DISI,KitapPusula-Final-özel,eğitim
tamam hoşça kal,tamam hosca kal,VEDA,KitapPusula-Final-özel,eğitim
bilmediğin kitap var mı,bilmedigin kitap var mi,HER_KITAP_SORUSU,KitapPusula-V6,eğitim
acaba kaç yaşındasın şu anda,acaba kac yasindasin su anda,BOT_YAS,KitapPusula-Final-özel,eğitim
yaşlı mısın,yasli misin,BOT_YAS,KitapPusula-Final-özel,eğitim
bu kitapta neden böyle davranıyor kısaca söyler misin,bu kitapta neden boyle davraniyor kisaca soyler misin,OLAY_SORUSU,KitapPusula-V6,eğitim
moskova'da saat kaç,moskova da saat kac,TARIH_SAAT_SORUSU,MASSIVE-tr-TR,eğitim
bugün burada vakit geçirmek hoşuma gidiyor şimdi,bugun burada vakit gecirmek hosuma gidiyor simdi,GENEL_SOHBET,KitapPusula-Final-özel,eğitim
bu kitap hakkında biraz daha ayrıntı anlat mümkünse,bu kitap hakkinda biraz daha ayrinti anlat mumkunse,DETAY_SORUSU,KitapPusula-V6,eğitim
bu kitapta kahramanın adı ne söyler misin,bu kitapta kahramanin adi ne soyler misin,KARAKTER_SORUSU,KitapPusula-V6,eğitim
yerel veri tabanında kitap sayısı kaç söyler misin,yerel veri tabaninda kitap sayisi kac soyler misin,KITAP_SAYISI,KitapPusula-V6,eğitim
pop endüstrisinde neler oluyor,pop endustrisinde neler oluyor,HABER_SORUSU,MASSIVE-tr-TR,eğitim
sınıflandırıcı desteklenen kategoriler neler,siniflandirici desteklenen kategoriler neler,KATEGORI_LISTESI,KitapPusula-V6,eğitim
baharat lazım,baharat lazim,YEMEK_TARIFI_SORUSU,MASSIVE-tr-TR,eğitim
modelle etiketsiz kitabın kategorisini bul lütfen,modelle etiketsiz kitabin kategorisini bul lutfen,YENI_KITAP_SINIFLANDIR,KitapPusula-V6,eğitim
lütfen espri yap,lutfen espri yap,SAKA_ISTEGI,KitapPusula-Final-özel,eğitim
bu kitap hakkında biraz daha ayrıntı anlat lütfen,bu kitap hakkinda biraz daha ayrinti anlat lutfen,DETAY_SORUSU,KitapPusula-V6,eğitim
nasıl kullanılır anlatır mısın,nasil kullanilir anlatir misin,YARDIM,KitapPusula-V6,eğitim
lütfen bana bu haftanın hava durumu hakkında bilgi ver,lutfen bana bu haftanin hava durumu hakkinda bilgi ver,HAVA_SORUSU,MASSIVE-tr-TR,eğitim
bu eserin müellifi kim,bu eserin muellifi kim,YAZAR_SORUSU,KitapPusula-V6,eğitim
başarı oranı nedir,basari orani nedir,MODEL_BILGISI,KitapPusula-V6,eğitim
seçtiğimiz kitabın adı ne,sectigimiz kitabin adi ne,KITAP_ADI_SORUSU,KitapPusula-V6,eğitim
şu anda hangi ülkedesin lütfen,su anda hangi ulkedesin lutfen,BOT_KONUM,KitapPusula-Final-özel,eğitim
baştan göster,bastan goster,TEKRAR_GOSTER,KitapPusula-V6,eğitim
lütfen neşeli bir cümle kur olur mu,lutfen neseli bir cumle kur olur mu,SAKA_ISTEGI,KitapPusula-Final-özel,eğitim
lütfen yazar tür sayfa ve özeti söyle lütfen,lutfen yazar tur sayfa ve ozeti soyle lutfen,TEKRAR_GOSTER,KitapPusula-V6,eğitim
çok cevabın faydalı oldu,cok cevabin faydali oldu,TESEKKUR,KitapPusula-Final-özel,eğitim
hint yemeğinde hangi baharatlar var,hint yemeginde hangi baharatlar var,YEMEK_TARIFI_SORUSU,MASSIVE-tr-TR,eğitim
bu kitap kısaca özetle,bu kitap kisaca ozetle,OZET_SORUSU,KitapPusula-V6,eğitim
Simyacı,simyaci,KITAP_ARAMA,KitapPusula-V6,eğitim
kısa bir fıkra anlat,kisa bir fikra anlat,SAKA_ISTEGI,KitapPusula-Final-özel,eğitim
biraz önce hangi kitabı konuşuyoruz söyler misin,biraz once hangi kitabi konusuyoruz soyler misin,KITAP_ADI_SORUSU,KitapPusula-V6,eğitim
artık bay bay sonra,artik bay bay sonra,VEDA,KitapPusula-Final-özel,eğitim
evin nerede lütfen,evin nerede lutfen,BOT_KONUM,KitapPusula-Final-özel,eğitim
söyler misin kodlarını kim yazdı,soyler misin kodlarini kim yazdi,BOT_YARATICI,KitapPusula-Final-özel,eğitim
bu kitapta merkezdeki kişi kim,bu kitapta merkezdeki kisi kim,KARAKTER_SORUSU,KitapPusula-V6,eğitim
başarı oranı nedir söyler misin,basari orani nedir soyler misin,MODEL_BILGISI,KitapPusula-V6,eğitim
bu eser ana konusu nedir anlatır mısın,bu eser ana konusu nedir anlatir misin,OZET_SORUSU,KitapPusula-V6,eğitim
şu anda hangi haberler konuşuluyor söyler misin,su anda hangi haberler konusuluyor soyler misin,HABER_SORUSU,KitapPusula-Final-özel,eğitim
spaghetti tarifi,spaghetti tarifi,YEMEK_TARIFI_SORUSU,MASSIVE-tr-TR,eğitim
bu kitapta hangi maceralar yaşanıyor,bu kitapta hangi maceralar yasaniyor,OLAY_SORUSU,KitapPusula-V6,eğitim
bu sene doğum günüm hangi güne denk geliyor,bu sene dogum gunum hangi gune denk geliyor,TARIH_SAAT_SORUSU,MASSIVE-tr-TR,eğitim
bu kitap hangi tür,bu kitap hangi tur,TUR_SORUSU,KitapPusula-V6,eğitim
keyfin nasıl KitapPusula,keyfin nasil kitappusula,NASILSIN,KitapPusula-V6,eğitim
olly bugün palto almalı mıyım,olly bugun palto almali miyim,HAVA_SORUSU,MASSIVE-tr-TR,eğitim
açıkçası biraz muhabbet edelim şimdi,acikcasi biraz muhabbet edelim simdi,GENEL_SOHBET,KitapPusula-Final-özel,eğitim
bu romanda hangi karakterler var söyler misin,bu romanda hangi karakterler var soyler misin,KARAKTER_SORUSU,KitapPusula-V6,eğitim
espri yap olur mu,espri yap olur mu,SAKA_ISTEGI,KitapPusula-Final-özel,eğitim
internetten lazanya pişirme sonuçlarını göster,internetten lazanya pisirme sonuclarini goster,YEMEK_TARIFI_SORUSU,MASSIVE-tr-TR,eğitim
sistemde ne kadar kitap biliyorsun söyler misin,sistemde ne kadar kitap biliyorsun soyler misin,KITAP_SAYISI,KitapPusula-V6,eğitim
bu eser hangi kategoride,bu eser hangi kategoride,TUR_SORUSU,KitapPusula-V6,eğitim
trabzon'da saat kaç,trabzon da saat kac,TARIH_SAAT_SORUSU,MASSIVE-tr-TR,eğitim
az önceki kitap neyi konu alıyor,az onceki kitap neyi konu aliyor,OZET_SORUSU,KitapPusula-V6,eğitim
söyler misin fiziksel olarak neredesin,soyler misin fiziksel olarak neredesin,BOT_KONUM,KitapPusula-Final-özel,eğitim
kitap modeli için model bilgilerini göster söyler misin,kitap modeli icin model bilgilerini goster soyler misin,MODEL_BILGISI,KitapPusula-V6,eğitim
şu anda hangi ortamda çalışıyorsun şu anda,su anda hangi ortamda calisiyorsun su anda,BOT_KONUM,KitapPusula-Final-özel,eğitim
model hangi kitap türlerini ayırıyor şu anda,model hangi kitap turlerini ayiriyor su anda,KATEGORI_LISTESI,KitapPusula-V6,eğitim
biraz muhabbet edelim aslında,biraz muhabbet edelim aslinda,GENEL_SOHBET,KitapPusula-Final-özel,eğitim
lütfen C sharp kodu üret istiyorum,lutfen c sharp kodu uret istiyorum,ALAN_DISI,KitapPusula-Final-özel,eğitim
bu kitap ana konusu nedir anlatır mısın,bu kitap ana konusu nedir anlatir misin,OZET_SORUSU,KitapPusula-V6,eğitim
bu romanda başkahraman kim söyler misin,bu romanda baskahraman kim soyler misin,KARAKTER_SORUSU,KitapPusula-V6,eğitim
merhaba KitapPusula,merhaba kitappusula,SELAMLAMA,KitapPusula-V6,eğitim
söyler misin senden ne isteyebilirim lütfen,soyler misin senden ne isteyebilirim lutfen,BOT_YETENEK,KitapPusula-Final-özel,eğitim
bana ne yapabiliyorsun,bana ne yapabiliyorsun,YARDIM,KitapPusula-V6,eğitim
hangi türleri biliyor söyler misin,hangi turleri biliyor soyler misin,KATEGORI_LISTESI,KitapPusula-V6,eğitim
şimdilik şimdilik bu kadar,simdilik simdilik bu kadar,VEDA,KitapPusula-Final-özel,eğitim
az önceki kitap için yazar tür sayfa ve özeti söyle,az onceki kitap icin yazar tur sayfa ve ozeti soyle,TEKRAR_GOSTER,KitapPusula-V6,eğitim
az önce hangi eser açık hatırlatır mısın,az once hangi eser acik hatirlatir misin,KITAP_ADI_SORUSU,KitapPusula-V6,eğitim
az önce hangi eser açık,az once hangi eser acik,KITAP_ADI_SORUSU,KitapPusula-V6,eğitim
son olarak şu an hangi gelişmeler var özetler misin,son olarak su an hangi gelismeler var ozetler misin,HABER_SORUSU,KitapPusula-Final-özel,eğitim
yerel veri tabanında toplam kaç eser bulunuyor şu anda,yerel veri tabaninda toplam kac eser bulunuyor su anda,KITAP_SAYISI,KitapPusula-V6,eğitim
Ali kim,ali kim,KARAKTER_SORUSU,KitapPusula-V6,eğitim
kısaca alışveriş listesi oluştur olur mu,kisaca alisveris listesi olustur olur mu,ALAN_DISI,KitapPusula-Final-özel,eğitim
model kategori listesini ver,model kategori listesini ver,KATEGORI_LISTESI,KitapPusula-V6,eğitim
söyler misin kaç yaşındasın,soyler misin kac yasindasin,BOT_YAS,KitapPusula-Final-özel,eğitim
sence karakterin davranışı nasıl değerlendirilebilir kısaca değerlendir,sence karakterin davranisi nasil degerlendirilebilir kisaca degerlendir,SERBEST_KITAP_SORUSU,KitapPusula-V6,eğitim
seçtiğimiz kitabın adı ne hatırlatır mısın,sectigimiz kitabin adi ne hatirlatir misin,KITAP_ADI_SORUSU,KitapPusula-V6,eğitim
söyler misin arkanda kim var bana,soyler misin arkanda kim var bana,BOT_YARATICI,KitapPusula-Final-özel,eğitim
bana biraz mizah yap,bana biraz mizah yap,SAKA_ISTEGI,KitapPusula-Final-özel,eğitim
iyi burger nasıl yapılır olly,iyi burger nasil yapilir olly,YEMEK_TARIFI_SORUSU,MASSIVE-tr-TR,eğitim
bu yemek için rehber ve tarif ara,bu yemek icin rehber ve tarif ara,YEMEK_TARIFI_SORUSU,MASSIVE-tr-TR,eğitim
açıkçası sohbetimiz güzel gidiyor aslında,acikcasi sohbetimiz guzel gidiyor aslinda,GENEL_SOHBET,KitapPusula-Final-özel,eğitim
şimdilik hoşça kal KitapPusula,simdilik hosca kal kitappusula,VEDA,KitapPusula-Final-özel,eğitim
doğrudan geliştiricin kim,dogrudan gelistiricin kim,BOT_YARATICI,KitapPusula-Final-özel,eğitim
sistemde kitap havuzu ne kadar büyük söyler misin,sistemde kitap havuzu ne kadar buyuk soyler misin,KITAP_SAYISI,KitapPusula-V6,eğitim
siyah güneş gözlüğü takayım mı takmayayım mı,siyah gunes gozlugu takayim mi takmayayim mi,HAVA_SORUSU,MASSIVE-tr-TR,eğitim
lütfen hepsini tekrar et bir kez daha,lutfen hepsini tekrar et bir kez daha,TEKRAR_GOSTER,KitapPusula-V6,eğitim
yardımın için çok sağ ol sana,yardimin icin cok sag ol sana,TESEKKUR,KitapPusula-Final-özel,eğitim
model desteklenen kategoriler neler şu anda,model desteklenen kategoriler neler su anda,KATEGORI_LISTESI,KitapPusula-V6,eğitim
bu kitap içeriğinden bahset lütfen,bu kitap iceriginden bahset lutfen,OZET_SORUSU,KitapPusula-V6,eğitim
bu kitap hakkında ek bilgi paylaş,bu kitap hakkinda ek bilgi paylas,DETAY_SORUSU,KitapPusula-V6,eğitim
bu sistem sınırsız kitaba erişebiliyor mu,bu sistem sinirsiz kitaba erisebiliyor mu,HER_KITAP_SORUSU,KitapPusula-V6,eğitim
bu eser hacmi ne kadar söyler misin,bu eser hacmi ne kadar soyler misin,SAYFA_SORUSU,KitapPusula-V6,eğitim
lütfen en iyi tarifleri ara,lutfen en iyi tarifleri ara,YEMEK_TARIFI_SORUSU,MASSIVE-tr-TR,eğitim
bu eser kategorisi ne söyler misin,bu eser kategorisi ne soyler misin,TUR_SORUSU,KitapPusula-V6,eğitim
artık tekrar görüşmek üzere KitapPusula,artik tekrar gorusmek uzere kitappusula,VEDA,KitapPusula-Final-özel,eğitim
hoşça kal sonra,hosca kal sonra,VEDA,KitapPusula-Final-özel,eğitim
lütfen kitaplarla ilgili şaka anlat,lutfen kitaplarla ilgili saka anlat,SAKA_ISTEGI,KitapPusula-Final-özel,eğitim
merak ettim bu uygulamayı yapan kim bana,merak ettim bu uygulamayi yapan kim bana,BOT_YARATICI,KitapPusula-Final-özel,eğitim
acaba geliştiricin kim lütfen,acaba gelistiricin kim lutfen,BOT_YARATICI,KitapPusula-Final-özel,eğitim
neler yapabiliyorsun,neler yapabiliyorsun,BOT_YETENEK,KitapPusula-Final-özel,eğitim
söyler misin ismin nedir bana,soyler misin ismin nedir bana,BOT_KIMLIK,KitapPusula-Final-özel,eğitim
yarın güneşli bir gün değil mi,yarin gunesli bir gun degil mi,HAVA_SORUSU,MASSIVE-tr-TR,eğitim
kitap modeli için kaç örnekle eğitildi söyler misin,kitap modeli icin kac ornekle egitildi soyler misin,MODEL_BILGISI,KitapPusula-V6,eğitim
kitaplar dışında ne biliyorsun,kitaplar disinda ne biliyorsun,BOT_YETENEK,KitapPusula-Final-özel,eğitim
kitap açıklamasından tür tahmin et lütfen,kitap aciklamasindan tur tahmin et lutfen,YENI_KITAP_SINIFLANDIR,KitapPusula-V6,eğitim
bir tane kısa bir fıkra anlat lütfen,bir tane kisa bir fikra anlat lutfen,SAKA_ISTEGI,KitapPusula-Final-özel,eğitim
hukuki tavsiye ver,hukuki tavsiye ver,ALAN_DISI,KitapPusula-Final-özel,eğitim
bostonun şu anki saatini göster,bostonun su anki saatini goster,TARIH_SAAT_SORUSU,MASSIVE-tr-TR,eğitim
şimdilik ben çıkıyorum KitapPusula,simdilik ben cikiyorum kitappusula,VEDA,KitapPusula-Final-özel,eğitim
beni güldür lütfen,beni guldur lutfen,SAKA_ISTEGI,KitapPusula-Final-özel,eğitim
acaba bu projeyi kim hazırladı,acaba bu projeyi kim hazirladi,BOT_YARATICI,KitapPusula-Final-özel,eğitim
bu eser kalın mı,bu eser kalin mi,SAYFA_SORUSU,KitapPusula-V6,eğitim
lütfen saati kontrol et,lutfen saati kontrol et,TARIH_SAAT_SORUSU,MASSIVE-tr-TR,eğitim
kısaca hukuki tavsiye ver istiyorum,kisaca hukuki tavsiye ver istiyorum,ALAN_DISI,KitapPusula-Final-özel,eğitim
pennsylvania için mart ayı ortalama sıcaklığı kaç derece ve son on yılın ortalaması ile karşılaştırıldığında nasıl,pennsylvania icin mart ayi ortalama sicakligi kac derece ve son on yilin ortalamasi ile karsilastirildiginda nasil,HAVA_SORUSU,MASSIVE-tr-TR,eğitim
bana beni güldür olur mu,bana beni guldur olur mu,SAKA_ISTEGI,KitapPusula-Final-özel,eğitim
Veba,veba,KITAP_ARAMA,KitapPusula-V6,eğitim
bu eser ne anlatıyor,bu eser ne anlatiyor,OZET_SORUSU,KitapPusula-V6,eğitim
acaba seni kim kodladı lütfen,acaba seni kim kodladi lutfen,BOT_YARATICI,KitapPusula-Final-özel,eğitim
acaba ne zaman doğdun,acaba ne zaman dogdun,BOT_YAS,KitapPusula-Final-özel,eğitim
bu kitap ne kadar uzun,bu kitap ne kadar uzun,SAYFA_SORUSU,KitapPusula-V6,eğitim
doğrudan seni kim geliştirdi bana,dogrudan seni kim gelistirdi bana,BOT_YARATICI,KitapPusula-Final-özel,eğitim
açıklar mısın adın ne bana,aciklar misin adin ne bana,BOT_KIMLIK,KitapPusula-Final-özel,eğitim
bana yardım et,bana yardim et,YARDIM,KitapPusula-V6,eğitim
bana konusunu anlat,bana konusunu anlat,OZET_SORUSU,KitapPusula-V6,eğitim
bu kitap kısaca özetle lütfen,bu kitap kisaca ozetle lutfen,OZET_SORUSU,KitapPusula-V6,eğitim
merak ettim karşımda kim var,merak ettim karsimda kim var,BOT_KIMLIK,KitapPusula-Final-özel,eğitim
acaba seni kim yaptı,acaba seni kim yapti,BOT_YARATICI,KitapPusula-Final-özel,eğitim
bu projeyi kim hazırladı bana,bu projeyi kim hazirladi bana,BOT_YARATICI,KitapPusula-Final-özel,eğitim
bana bir web sitesi tasarla,bana bir web sitesi tasarla,ALAN_DISI,KitapPusula-Final-özel,eğitim
m. s. n. haberler,m s n haberler,HABER_SORUSU,MASSIVE-tr-TR,eğitim
lütfen kod yazabilir misin istiyorum,lutfen kod yazabilir misin istiyorum,ALAN_DISI,KitapPusula-Final-özel,eğitim
bir yaşın var mı lütfen,bir yasin var mi lutfen,BOT_YAS,KitapPusula-Final-özel,eğitim
hangi şehirde yaşıyorsun lütfen,hangi sehirde yasiyorsun lutfen,BOT_KONUM,KitapPusula-Final-özel,eğitim
kısaca ne işe yarıyorsun anlatır mısın,kisaca ne ise yariyorsun anlatir misin,BOT_YETENEK,KitapPusula-Final-özel,eğitim
sonra konuşuruz,sonra konusuruz,VEDA,KitapPusula-Final-özel,eğitim
söyler misin hangi ülkedesin,soyler misin hangi ulkedesin,BOT_KONUM,KitapPusula-Final-özel,eğitim
bana ne malzemeler olduğunu göster,bana ne malzemeler oldugunu goster,YEMEK_TARIFI_SORUSU,MASSIVE-tr-TR,eğitim
pirinç pilavı nasıl pişer olly,pirinc pilavi nasil piser olly,YEMEK_TARIFI_SORUSU,MASSIVE-tr-TR,eğitim
şimdilik kendine iyi bak,simdilik kendine iyi bak,VEDA,KitapPusula-Final-özel,eğitim
şu an için istanbul da saati öğrenmem lazım,su an icin istanbul da saati ogrenmem lazim,TARIH_SAAT_SORUSU,MASSIVE-tr-TR,eğitim
yorumuna göre eserin duygusu nasıl,yorumuna gore eserin duygusu nasil,SERBEST_KITAP_SORUSU,KitapPusula-V6,eğitim
bu eser ana konusu nedir,bu eser ana konusu nedir,OZET_SORUSU,KitapPusula-V6,eğitim
kısaca ne yapabiliyorsun,kisaca ne yapabiliyorsun,YARDIM,KitapPusula-V6,eğitim
on sekizi pazartesi mi pazar mı,on sekizi pazartesi mi pazar mi,TARIH_SAAT_SORUSU,MASSIVE-tr-TR,eğitim
bu kitapta neden böyle davranıyor anlatır mısın,bu kitapta neden boyle davraniyor anlatir misin,OLAY_SORUSU,KitapPusula-V6,eğitim
bu eser kalın mı hatırlatır mısın,bu eser kalin mi hatirlatir misin,SAYFA_SORUSU,KitapPusula-V6,eğitim
bu kitapta başına neler geliyor kısaca söyler misin,bu kitapta basina neler geliyor kisaca soyler misin,OLAY_SORUSU,KitapPusula-V6,eğitim
yeni kitap sınıflandır,yeni kitap siniflandir,YENI_KITAP_SINIFLANDIR,KitapPusula-V6,eğitim
açıklar mısın sen kimsin bana,aciklar misin sen kimsin bana,BOT_KIMLIK,KitapPusula-Final-özel,eğitim
lütfen komik bir şey söyle,lutfen komik bir sey soyle,SAKA_ISTEGI,KitapPusula-Final-özel,eğitim
şu an kitaplardan konuşmayı seviyorum aslında,su an kitaplardan konusmayi seviyorum aslinda,GENEL_SOHBET,KitapPusula-Final-özel,eğitim
nasıl gidiyor,nasil gidiyor,NASILSIN,KitapPusula-V6,eğitim
bu kitabın hangi yazar yazdı,bu kitabin hangi yazar yazdi,YAZAR_SORUSU,KitapPusula-V6,eğitim
romanda hikâye nasıl bitiyor kısaca söyler misin,romanda hik ye nasil bitiyor kisaca soyler misin,OLAY_SORUSU,KitapPusula-V6,eğitim
açıkçası konuşacak çok şey var,acikcasi konusacak cok sey var,GENEL_SOHBET,KitapPusula-Final-özel,eğitim
artık kendine iyi bak KitapPusula,artik kendine iyi bak kitappusula,VEDA,KitapPusula-Final-özel,eğitim
iyi akşamlar orada mısın,iyi aksamlar orada misin,SELAMLAMA,KitapPusula-V6,eğitim
bu sene martın dördüncü pazartesi için tarih ne,bu sene martin dorduncu pazartesi icin tarih ne,TARIH_SAAT_SORUSU,MASSIVE-tr-TR,eğitim
bu uygulamayı yapan kim,bu uygulamayi yapan kim,BOT_YARATICI,KitapPusula-Final-özel,eğitim
kendini nasıl hissediyorsun bakalım,kendini nasil hissediyorsun bakalim,NASILSIN,KitapPusula-V6,eğitim
haftalık hava durumunu ver,haftalik hava durumunu ver,HAVA_SORUSU,MASSIVE-tr-TR,eğitim
bu sistem bütün kitapları biliyor mu,bu sistem butun kitaplari biliyor mu,HER_KITAP_SORUSU,KitapPusula-V6,eğitim
bu kitabın kim tarafından yazıldı söyler misin,bu kitabin kim tarafindan yazildi soyler misin,YAZAR_SORUSU,KitapPusula-V6,eğitim
finalde ne yaşanıyor,finalde ne yasaniyor,OLAY_SORUSU,KitapPusula-V6,eğitim
açıklar mısın kendini tanıt,aciklar misin kendini tanit,BOT_KIMLIK,KitapPusula-Final-özel,eğitim
günaydın orada mısın,gunaydin orada misin,SELAMLAMA,KitapPusula-V6,eğitim
bilgileri baştan yaz lütfen,bilgileri bastan yaz lutfen,TEKRAR_GOSTER,KitapPusula-V6,eğitim
yardımın işime yaradı KitapPusula,yardimin isime yaradi kitappusula,TESEKKUR,KitapPusula-Final-özel,eğitim
bir tane kitaplarla ilgili şaka anlat lütfen,bir tane kitaplarla ilgili saka anlat lutfen,SAKA_ISTEGI,KitapPusula-Final-özel,eğitim
merak ettim ne zamandır varsın şu anda,merak ettim ne zamandir varsin su anda,BOT_YAS,KitapPusula-Final-özel,eğitim
detayları yeniden göster bir kez daha,detaylari yeniden goster bir kez daha,TEKRAR_GOSTER,KitapPusula-V6,eğitim
verdiğin cevap için eyvallah KitapPusula,verdigin cevap icin eyvallah kitappusula,TESEKKUR,KitapPusula-Final-özel,eğitim
bu eserin yazan kişi kim hatırlatır mısın,bu eserin yazan kisi kim hatirlatir misin,YAZAR_SORUSU,KitapPusula-V6,eğitim
model edebî kategorileri göster,model edeb kategorileri goster,KATEGORI_LISTESI,KitapPusula-V6,eğitim
yerel veri tabanında ne kadar kitap biliyorsun şu anda,yerel veri tabaninda ne kadar kitap biliyorsun su anda,KITAP_SAYISI,KitapPusula-V6,eğitim
yorumuna göre sonun anlamı ne olabilir,yorumuna gore sonun anlami ne olabilir,SERBEST_KITAP_SORUSU,KitapPusula-V6,eğitim
bütün bilgileri göster bir kez daha,butun bilgileri goster bir kez daha,TEKRAR_GOSTER,KitapPusula-V6,eğitim
kaç kitap var,kac kitap var,KITAP_SAYISI,KitapPusula-V6,eğitim
selam KitapPusula,selam kitappusula,SELAMLAMA,KitapPusula-V6,eğitim
girne de saat kaç,girne de saat kac,TARIH_SAAT_SORUSU,MASSIVE-tr-TR,eğitim
bana oyun kodu geliştir,bana oyun kodu gelistir,ALAN_DISI,KitapPusula-Final-özel,eğitim
bu eserin kim kaleme aldı hatırlatır mısın,bu eserin kim kaleme aldi hatirlatir misin,YAZAR_SORUSU,KitapPusula-V6,eğitim
yarın hava nasıl olacak,yarin hava nasil olacak,HAVA_SORUSU,MASSIVE-tr-TR,eğitim
az önceki kitap ne anlatıyor,az onceki kitap ne anlatiyor,OZET_SORUSU,KitapPusula-V6,eğitim
patates püresi tarifi bul,patates puresi tarifi bul,YEMEK_TARIFI_SORUSU,MASSIVE-tr-TR,eğitim
bu eser ana konusu nedir lütfen,bu eser ana konusu nedir lutfen,OZET_SORUSU,KitapPusula-V6,eğitim
bana yarın mumbai hava durumunu göster,bana yarin mumbai hava durumunu goster,HAVA_SORUSU,MASSIVE-tr-TR,eğitim
özelliklerini anlat lütfen,ozelliklerini anlat lutfen,YARDIM,KitapPusula-V6,eğitim
minnettarım,minnettarim,TESEKKUR,KitapPusula-Final-özel,eğitim
selamünaleyküm KitapPusula,selamunaleykum kitappusula,SELAMLAMA,KitapPusula-V6,eğitim
bu eser kaç sayfalık,bu eser kac sayfalik,SAYFA_SORUSU,KitapPusula-V6,eğitim
KitapPusula bütün kitapları biliyor mu şu anda,kitappusula butun kitaplari biliyor mu su anda,HER_KITAP_SORUSU,KitapPusula-V6,eğitim
yorumuna göre verilmek istenen mesaj ne olabilir yorumlar mısın,yorumuna gore verilmek istenen mesaj ne olabilir yorumlar misin,SERBEST_KITAP_SORUSU,KitapPusula-V6,eğitim
hava bu hafta nasıl olacak,hava bu hafta nasil olacak,HAVA_SORUSU,MASSIVE-tr-TR,eğitim
çok cevabın faydalı oldu sana,cok cevabin faydali oldu sana,TESEKKUR,KitapPusula-Final-özel,eğitim
yerel veri tabanında kitap havuzu ne kadar büyük,yerel veri tabaninda kitap havuzu ne kadar buyuk,KITAP_SAYISI,KitapPusula-V6,eğitim
nasıl gidiyor bakalım,nasil gidiyor bakalim,NASILSIN,KitapPusula-V6,eğitim
bu eserin yazarı kim,bu eserin yazari kim,YAZAR_SORUSU,KitapPusula-V6,eğitim
bu kitabın yazarı kim,bu kitabin yazari kim,YAZAR_SORUSU,KitapPusula-V6,eğitim
bu eser türü ne hatırlatır mısın,bu eser turu ne hatirlatir misin,TUR_SORUSU,KitapPusula-V6,eğitim
yeniden selam sana da,yeniden selam sana da,SELAMLAMA,KitapPusula-V6,eğitim
edebî kategorileri göster şu anda,edeb kategorileri goster su anda,KATEGORI_LISTESI,KitapPusula-V6,eğitim
bu kitapta baş karakter kimdir,bu kitapta bas karakter kimdir,KARAKTER_SORUSU,KitapPusula-V6,eğitim
bu eserin kim kaleme aldı,bu eserin kim kaleme aldi,YAZAR_SORUSU,KitapPusula-V6,eğitim
bu eserle ilgili biraz daha ayrıntı anlat mümkünse,bu eserle ilgili biraz daha ayrinti anlat mumkunse,DETAY_SORUSU,KitapPusula-V6,eğitim
komutları göster anlatır mısın,komutlari goster anlatir misin,YARDIM,KitapPusula-V6,eğitim
sınıflandırma etiketlerini göster,siniflandirma etiketlerini goster,KATEGORI_LISTESI,KitapPusula-V6,eğitim
bana nasıl yardım edersin anlatır mısın,bana nasil yardim edersin anlatir misin,BOT_YETENEK,KitapPusula-Final-özel,eğitim
bugün hava nasıl olacak,bugun hava nasil olacak,HAVA_SORUSU,MASSIVE-tr-TR,eğitim
kaç kayıt tutuluyor söyler misin,kac kayit tutuluyor soyler misin,KITAP_SAYISI,KitapPusula-V6,eğitim
kitabın ismini hatırlat,kitabin ismini hatirlat,KITAP_ADI_SORUSU,KitapPusula-V6,eğitim
sistemde kaç kitap var söyler misin,sistemde kac kitap var soyler misin,KITAP_SAYISI,KitapPusula-V6,eğitim
bana şaka yap,bana saka yap,SAKA_ISTEGI,KitapPusula-Final-özel,eğitim
yerel veri tabanında kaç kitap var şu anda,yerel veri tabaninda kac kitap var su anda,KITAP_SAYISI,KitapPusula-V6,eğitim
bu kitapta hangi maceralar yaşanıyor kısaca söyler misin,bu kitapta hangi maceralar yasaniyor kisaca soyler misin,OLAY_SORUSU,KitapPusula-V6,eğitim
kısaca hangi konularda yardımcı olursun lütfen,kisaca hangi konularda yardimci olursun lutfen,BOT_YETENEK,KitapPusula-Final-özel,eğitim
bugün sohbetimiz güzel gidiyor,bugun sohbetimiz guzel gidiyor,GENEL_SOHBET,KitapPusula-Final-özel,eğitim
modelle yeni tahmin yap,modelle yeni tahmin yap,YENI_KITAP_SINIFLANDIR,KitapPusula-V6,eğitim
şu anda doğum tarihin ne,su anda dogum tarihin ne,BOT_YAS,KitapPusula-Final-özel,eğitim
bu eser ne anlatıyor lütfen,bu eser ne anlatiyor lutfen,OZET_SORUSU,KitapPusula-V6,eğitim
bugün konuşacak çok şey var şimdi,bugun konusacak cok sey var simdi,GENEL_SOHBET,KitapPusula-Final-özel,eğitim
söyler misin nerede bulunuyorsun şu anda,soyler misin nerede bulunuyorsun su anda,BOT_KONUM,KitapPusula-Final-özel,eğitim
iyi misin söyler misin,iyi misin soyler misin,NASILSIN,KitapPusula-V6,eğitim
sen veri setinde olmayan kitabı bulabilir mi şu anda,sen veri setinde olmayan kitabi bulabilir mi su anda,HER_KITAP_SORUSU,KitapPusula-V6,eğitim
iskenderun hatay da saat kaç,iskenderun hatay da saat kac,TARIH_SAAT_SORUSU,MASSIVE-tr-TR,eğitim
az önceki kitap için biraz daha ayrıntı anlat,az onceki kitap icin biraz daha ayrinti anlat,DETAY_SORUSU,KitapPusula-V6,eğitim
sanırım bir şeyler paylaşmak istiyorum şimdi,sanirim bir seyler paylasmak istiyorum simdi,GENEL_SOHBET,KitapPusula-Final-özel,eğitim
bu kitabın kim kaleme aldı,bu kitabin kim kaleme aldi,YAZAR_SORUSU,KitapPusula-V6,eğitim
bugün nasılsın bakalım,bugun nasilsin bakalim,NASILSIN,KitapPusula-V6,eğitim
kaç kayıt tutuluyor,kac kayit tutuluyor,KITAP_SAYISI,KitapPusula-V6,eğitim
kaç tür tanıyor şu anda,kac tur taniyor su anda,KATEGORI_LISTESI,KitapPusula-V6,eğitim
hey KitapPusula,hey kitappusula,SELAMLAMA,KitapPusula-V6,eğitim
sınıflandırıcı hangi kitap türlerini ayırıyor,siniflandirici hangi kitap turlerini ayiriyor,KATEGORI_LISTESI,KitapPusula-V6,eğitim
yorumuna göre yazar bunu neden yazmış olabilir kısaca değerlendir,yorumuna gore yazar bunu neden yazmis olabilir kisaca degerlendir,SERBEST_KITAP_SORUSU,KitapPusula-V6,eğitim
bu kitabın yazan kişi kim hatırlatır mısın,bu kitabin yazan kisi kim hatirlatir misin,YAZAR_SORUSU,KitapPusula-V6,eğitim
kitap bilgisini yinele bir kez daha,kitap bilgisini yinele bir kez daha,TEKRAR_GOSTER,KitapPusula-V6,eğitim
Da Vinci Şifresi,da vinci sifresi,KITAP_ARAMA,KitapPusula-V6,eğitim
şimdi bir şemsiye almam gerekiyor mu,simdi bir semsiye almam gerekiyor mu,HAVA_SORUSU,MASSIVE-tr-TR,eğitim
bu kitap kalın mı hatırlatır mısın,bu kitap kalin mi hatirlatir misin,SAYFA_SORUSU,KitapPusula-V6,eğitim
afyon için hava durumunu öğrenmek istiyorum,afyon icin hava durumunu ogrenmek istiyorum,HAVA_SORUSU,MASSIVE-tr-TR,eğitim
seçtiğimiz kitabın adı ne söyler misin,sectigimiz kitabin adi ne soyler misin,KITAP_ADI_SORUSU,KitapPusula-V6,eğitim
biraz mizah yap,biraz mizah yap,SAKA_ISTEGI,KitapPusula-Final-özel,eğitim
kullanım seçeneklerini ver anlatır mısın,kullanim seceneklerini ver anlatir misin,YARDIM,KitapPusula-V6,eğitim
söyler misin hangi sistemsin,soyler misin hangi sistemsin,BOT_KIMLIK,KitapPusula-Final-özel,eğitim
önümüzdeki hafta ankara için havanın nasıl olacağını söyle lütfen,onumuzdeki hafta ankara icin havanin nasil olacagini soyle lutfen,HAVA_SORUSU,MASSIVE-tr-TR,eğitim
söyler misin ne zaman doğdun,soyler misin ne zaman dogdun,BOT_YAS,KitapPusula-Final-özel,eğitim
kitap modeli için macro f1 kaç söyler misin,kitap modeli icin macro f1 kac soyler misin,MODEL_BILGISI,KitapPusula-V6,eğitim
bugün dünyada neler oldu özetler misin,bugun dunyada neler oldu ozetler misin,HABER_SORUSU,KitapPusula-Final-özel,eğitim
yorumuna göre sonun anlamı ne olabilir yorumlar mısın,yorumuna gore sonun anlami ne olabilir yorumlar misin,SERBEST_KITAP_SORUSU,KitapPusula-V6,eğitim
biraz önce hangi kitabı konuşuyoruz,biraz once hangi kitabi konusuyoruz,KITAP_ADI_SORUSU,KitapPusula-V6,eğitim
kısaca nereden başlamalıyım,kisaca nereden baslamaliyim,YARDIM,KitapPusula-V6,eğitim
hangi türleri biliyor şu anda,hangi turleri biliyor su anda,KATEGORI_LISTESI,KitapPusula-V6,eğitim
bu romanda kahramanın adı ne,bu romanda kahramanin adi ne,KARAKTER_SORUSU,KitapPusula-V6,eğitim
yardımın için teşekkür ederim sana,yardimin icin tesekkur ederim sana,TESEKKUR,KitapPusula-Final-özel,eğitim
merhabalar sana da,merhabalar sana da,SELAMLAMA,KitapPusula-V6,eğitim
sistemde kaç kitabı arayabiliyorsun,sistemde kac kitabi arayabiliyorsun,KITAP_SAYISI,KitapPusula-V6,eğitim
bu kitap hacmi ne kadar hatırlatır mısın,bu kitap hacmi ne kadar hatirlatir misin,SAYFA_SORUSU,KitapPusula-V6,eğitim
merak ettim hangi görevleri yaparsın,merak ettim hangi gorevleri yaparsin,BOT_YETENEK,KitapPusula-Final-özel,eğitim
şimdi bana kütahyadaki saati söyle,simdi bana kutahyadaki saati soyle,TARIH_SAAT_SORUSU,MASSIVE-tr-TR,eğitim
bugün izmir'de hava nasıl olacak,bugun izmir de hava nasil olacak,HAVA_SORUSU,MASSIVE-tr-TR,eğitim
modelle yeni kitap sınıflandır,modelle yeni kitap siniflandir,YENI_KITAP_SINIFLANDIR,KitapPusula-V6,eğitim
bu kitapta başına neler geliyor,bu kitapta basina neler geliyor,OLAY_SORUSU,KitapPusula-V6,eğitim
sahibin kim,sahibin kim,BOT_YARATICI,KitapPusula-Final-özel,eğitim
bu eserin müellifi kim hatırlatır mısın,bu eserin muellifi kim hatirlatir misin,YAZAR_SORUSU,KitapPusula-V6,eğitim
bu eserin sahibi hangi yazar,bu eserin sahibi hangi yazar,YAZAR_SORUSU,KitapPusula-V6,eğitim
merak ettim geliştiricin kim lütfen,merak ettim gelistiricin kim lutfen,BOT_YARATICI,KitapPusula-Final-özel,eğitim
çok yardımcı oldun KitapPusula,cok yardimci oldun kitappusula,TESEKKUR,KitapPusula-Final-özel,eğitim
bilinmeyen kitabın türünü belirle başlat,bilinmeyen kitabin turunu belirle baslat,YENI_KITAP_SINIFLANDIR,KitapPusula-V6,eğitim
sınıflandırıcı hangi kitap türlerini ayırıyor söyler misin,siniflandirici hangi kitap turlerini ayiriyor soyler misin,KATEGORI_LISTESI,KitapPusula-V6,eğitim
bu kitap hakkında daha fazla detay ver lütfen,bu kitap hakkinda daha fazla detay ver lutfen,DETAY_SORUSU,KitapPusula-V6,eğitim
yeniden selam KitapPusula,yeniden selam kitappusula,SELAMLAMA,KitapPusula-V6,eğitim
nasılsın bakalım,nasilsin bakalim,NASILSIN,KitapPusula-V6,eğitim
şu anda bir yaşın var mı şu anda,su anda bir yasin var mi su anda,BOT_YAS,KitapPusula-Final-özel,eğitim
söyler misin genç misin şu anda,soyler misin genc misin su anda,BOT_YAS,KitapPusula-Final-özel,eğitim
şu an hangi gelişmeler var söyler misin,su an hangi gelismeler var soyler misin,HABER_SORUSU,KitapPusula-Final-özel,eğitim
söyler misin bu uygulamayı yapan kim bana,soyler misin bu uygulamayi yapan kim bana,BOT_YARATICI,KitapPusula-Final-özel,eğitim
bu sistem veri setinde olmayan kitabı bulabilir mi şu anda,bu sistem veri setinde olmayan kitabi bulabilir mi su anda,HER_KITAP_SORUSU,KitapPusula-V6,eğitim
söyler misin hangi şehirde yaşıyorsun lütfen,soyler misin hangi sehirde yasiyorsun lutfen,BOT_KONUM,KitapPusula-Final-özel,eğitim
detayları yeniden göster lütfen,detaylari yeniden goster lutfen,TEKRAR_GOSTER,KitapPusula-V6,eğitim
romanda kahraman neden yola çıkıyor anlatır mısın,romanda kahraman neden yola cikiyor anlatir misin,OLAY_SORUSU,KitapPusula-V6,eğitim
söyler misin bir adresin var mı,soyler misin bir adresin var mi,BOT_KONUM,KitapPusula-Final-özel,eğitim
günaydın KitapPusula,gunaydin kitappusula,SELAMLAMA,KitapPusula-V6,eğitim
az önce son kitap hangisiydi hatırlatır mısın,az once son kitap hangisiydi hatirlatir misin,KITAP_ADI_SORUSU,KitapPusula-V6,eğitim
bu kitap hakkında daha fazla detay ver,bu kitap hakkinda daha fazla detay ver,DETAY_SORUSU,KitapPusula-V6,eğitim
Yeraltından Notlar,yeraltindan notlar,KITAP_ARAMA,KitapPusula-V6,eğitim
bu eser kısa özetini ver,bu eser kisa ozetini ver,OZET_SORUSU,KitapPusula-V6,eğitim
yerel veri tabanında kitap havuzu ne kadar büyük şu anda,yerel veri tabaninda kitap havuzu ne kadar buyuk su anda,KITAP_SAYISI,KitapPusula-V6,eğitim
merak ettim sen nesin lütfen,merak ettim sen nesin lutfen,BOT_KIMLIK,KitapPusula-Final-özel,eğitim
bu romanda başkahraman kim hatırlatır mısın,bu romanda baskahraman kim hatirlatir misin,KARAKTER_SORUSU,KitapPusula-V6,eğitim
lütfen yazar tür sayfa ve özeti söyle bir kez daha,lutfen yazar tur sayfa ve ozeti soyle bir kez daha,TEKRAR_GOSTER,KitapPusula-V6,eğitim
bu eserle ilgili daha fazla detay ver mümkünse,bu eserle ilgili daha fazla detay ver mumkunse,DETAY_SORUSU,KitapPusula-V6,eğitim
bu eser hikâyesi ne anlatır mısın,bu eser hik yesi ne anlatir misin,OZET_SORUSU,KitapPusula-V6,eğitim
bana zamanı bildir,bana zamani bildir,TARIH_SAAT_SORUSU,MASSIVE-tr-TR,eğitim
merak ettim ne yapabilirsin anlatır mısın,merak ettim ne yapabilirsin anlatir misin,BOT_YETENEK,KitapPusula-Final-özel,eğitim
sanırım biraz sohbet etmek istiyorum biraz,sanirim biraz sohbet etmek istiyorum biraz,GENEL_SOHBET,KitapPusula-Final-özel,eğitim
merak ettim özelliklerin neler anlatır mısın,merak ettim ozelliklerin neler anlatir misin,BOT_YETENEK,KitapPusula-Final-özel,eğitim
sence kitap hakkında ne düşünüyorsun kısaca değerlendir,sence kitap hakkinda ne dusunuyorsun kisaca degerlendir,SERBEST_KITAP_SORUSU,KitapPusula-V6,eğitim
kısaca karşımda kim var bana,kisaca karsimda kim var bana,BOT_KIMLIK,KitapPusula-Final-özel,eğitim
çok teşekkürler KitapPusula,cok tesekkurler kitappusula,TESEKKUR,KitapPusula-Final-özel,eğitim
cheesecake nasıl yapılır,cheesecake nasil yapilir,YEMEK_TARIFI_SORUSU,MASSIVE-tr-TR,eğitim
romanda ana olay nedir kısaca söyler misin,romanda ana olay nedir kisaca soyler misin,OLAY_SORUSU,KitapPusula-V6,eğitim
son olarak güncel haberleri anlat lütfen,son olarak guncel haberleri anlat lutfen,HABER_SORUSU,KitapPusula-Final-özel,eğitim
bu eser okuması uzun sürer mi,bu eser okumasi uzun surer mi,SAYFA_SORUSU,KitapPusula-V6,eğitim
bu kitap kategorisi ne,bu kitap kategorisi ne,TUR_SORUSU,KitapPusula-V6,eğitim
hangi sınıflar var şu anda,hangi siniflar var su anda,KATEGORI_LISTESI,KitapPusula-V6,eğitim
yirmi ikisi hangi gün,yirmi ikisi hangi gun,TARIH_SAAT_SORUSU,MASSIVE-tr-TR,eğitim
yardım et lütfen,yardim et lutfen,YARDIM,KitapPusula-V6,eğitim
bu eser hacmi ne kadar hatırlatır mısın,bu eser hacmi ne kadar hatirlatir misin,SAYFA_SORUSU,KitapPusula-V6,eğitim
şu anda genç misin lütfen,su anda genc misin lutfen,BOT_YAS,KitapPusula-Final-özel,eğitim
hadi espri yap olur mu,hadi espri yap olur mu,SAKA_ISTEGI,KitapPusula-Final-özel,eğitim
bugün nasıl gidiyor,bugun nasil gidiyor,NASILSIN,KitapPusula-V6,eğitim
KitapPusula ile yeni tahmin yap,kitappusula ile yeni tahmin yap,YENI_KITAP_SINIFLANDIR,KitapPusula-V6,eğitim
niyet modeli için başarı oranı nedir,niyet modeli icin basari orani nedir,MODEL_BILGISI,KitapPusula-V6,eğitim
çok cevabın faydalı oldu KitapPusula,cok cevabin faydali oldu kitappusula,TESEKKUR,KitapPusula-Final-özel,eğitim
kitap kartını aç,kitap kartini ac,TEKRAR_GOSTER,KitapPusula-V6,eğitim
hey,hey,SELAMLAMA,KitapPusula-V6,eğitim
hangi kitaptan söz ettik,hangi kitaptan soz ettik,KITAP_ADI_SORUSU,KitapPusula-V6,eğitim
bu kitap hakkında daha fazla detay ver mümkünse,bu kitap hakkinda daha fazla detay ver mumkunse,DETAY_SORUSU,KitapPusula-V6,eğitim
nerelisin şu anda,nerelisin su anda,BOT_KONUM,KitapPusula-Final-özel,eğitim
kitap modeli için cross validation sonucu nedir söyler misin,kitap modeli icin cross validation sonucu nedir soyler misin,MODEL_BILGISI,KitapPusula-V6,eğitim
açıkçası biraz muhabbet edelim,acikcasi biraz muhabbet edelim,GENEL_SOHBET,KitapPusula-Final-özel,eğitim
biraz önce seçtiğimiz kitabın adı ne,biraz once sectigimiz kitabin adi ne,KITAP_ADI_SORUSU,KitapPusula-V6,eğitim
az önceki kitap hangi tür söyler misin,az onceki kitap hangi tur soyler misin,TUR_SORUSU,KitapPusula-V6,eğitim
telefon tamirini anlat istiyorum,telefon tamirini anlat istiyorum,ALAN_DISI,KitapPusula-Final-özel,eğitim
kitap sayısı kaç söyler misin,kitap sayisi kac soyler misin,KITAP_SAYISI,KitapPusula-V6,eğitim
sence karakterin davranışı nasıl değerlendirilebilir,sence karakterin davranisi nasil degerlendirilebilir,SERBEST_KITAP_SORUSU,KitapPusula-V6,eğitim
merak ettim kodlarını kim yazdı bana,merak ettim kodlarini kim yazdi bana,BOT_YARATICI,KitapPusula-Final-özel,eğitim
söyler misin özelliklerin neler,soyler misin ozelliklerin neler,BOT_YETENEK,KitapPusula-Final-özel,eğitim
Koku,koku,KITAP_ARAMA,KitapPusula-V6,eğitim
iyi geceler,iyi geceler,SELAMLAMA,KitapPusula-V6,eğitim
söyler misin evin nerede şu anda,soyler misin evin nerede su anda,BOT_KONUM,KitapPusula-Final-özel,eğitim
eğlenceli bir söz söyle,eglenceli bir soz soyle,SAKA_ISTEGI,KitapPusula-Final-özel,eğitim
bu romanda anlatılan kişi kim söyler misin,bu romanda anlatilan kisi kim soyler misin,KARAKTER_SORUSU,KitapPusula-V6,eğitim
kitaplarla ilgili şaka anlat olur mu,kitaplarla ilgili saka anlat olur mu,SAKA_ISTEGI,KitapPusula-Final-özel,eğitim
lütfen tam bilgiyi getir lütfen,lutfen tam bilgiyi getir lutfen,TEKRAR_GOSTER,KitapPusula-V6,eğitim
kitap açıklamasından tür tahmin et,kitap aciklamasindan tur tahmin et,YENI_KITAP_SINIFLANDIR,KitapPusula-V6,eğitim
doğrudan arkanda kim var,dogrudan arkanda kim var,BOT_YARATICI,KitapPusula-Final-özel,eğitim
bu sistem dünyadaki tüm eserleri tanıyor mu şu anda,bu sistem dunyadaki tum eserleri taniyor mu su anda,HER_KITAP_SORUSU,KitapPusula-V6,eğitim
acaba genç misin,acaba genc misin,BOT_YAS,KitapPusula-Final-özel,eğitim
Masumiyet Müzesi,masumiyet muzesi,KITAP_ARAMA,KitapPusula-V6,eğitim
kısaca İngilizce metni çevir istiyorum,kisaca ingilizce metni cevir istiyorum,ALAN_DISI,KitapPusula-Final-özel,eğitim
niyet modeli için kaç örnekle eğitildi,niyet modeli icin kac ornekle egitildi,MODEL_BILGISI,KitapPusula-V6,eğitim
bu kitapta ana karakter kim,bu kitapta ana karakter kim,KARAKTER_SORUSU,KitapPusula-V6,eğitim
şimdilik bay bay KitapPusula,simdilik bay bay kitappusula,VEDA,KitapPusula-Final-özel,eğitim
bu eserin kim tarafından yazıldı,bu eserin kim tarafindan yazildi,YAZAR_SORUSU,KitapPusula-V6,eğitim
kitaplarla ilgili şaka anlat lütfen,kitaplarla ilgili saka anlat lutfen,SAKA_ISTEGI,KitapPusula-Final-özel,eğitim
KitapPusula ile metinden kitap türü çıkar,kitappusula ile metinden kitap turu cikar,YENI_KITAP_SINIFLANDIR,KitapPusula-V6,eğitim
modelle açıklamayı sınıfa ayır lütfen,modelle aciklamayi sinifa ayir lutfen,YENI_KITAP_SINIFLANDIR,KitapPusula-V6,eğitim
açıklar mısın kim olduğunu anlat,aciklar misin kim oldugunu anlat,BOT_KIMLIK,KitapPusula-Final-özel,eğitim
hepsini tekrar et lütfen,hepsini tekrar et lutfen,TEKRAR_GOSTER,KitapPusula-V6,eğitim
acaba genç misin lütfen,acaba genc misin lutfen,BOT_YAS,KitapPusula-Final-özel,eğitim
KitapPusula ile yeni kitap sınıflandır,kitappusula ile yeni kitap siniflandir,YENI_KITAP_SINIFLANDIR,KitapPusula-V6,eğitim
